entrance_epoch_time,datetime,left_ring,right_ring,bird_id,Verify?,photo_path
1743499287.66199,2025-04-01 10:21:27.66199,NA,blue,8,NA,GX101858-00.08.04.542
1743499552.12038,2025-04-01 10:25:52.120379,lilac,lime,22,NA,GX111858-00.04.04.803
1743499847.46595,2025-04-01 10:30:47.465954,navy,black,50,NA,GX121858-00.00.27.094
1743517266.25566,2025-04-01 15:21:06.255665,NA,brown,NA,"? cannot see left leg clearly 35, 47 or 48",GX011859-00.04.41.473
1743517269.9856,2025-04-01 15:21:09.985595,NA,NA,NA,cannot see left leg,GX011859-00.04.46.586
1743519754.38617,2025-04-01 16:02:34.386169,brown,NA,NA,? cannot see right leg,GX061859-00.03.33.380
1743519873.40492,2025-04-01 16:04:33.404924,lilac,NA,28,NA,GX061859-00.04.41.206
1743519886.61088,2025-04-01 16:04:46.610881,NA,pink,17,NA,GX061859-00.05.28.595
1743586808.6403,2025-04-02 10:40:08.6403,lilac,NA,28,NA,GX011860-00.06.00.752
1743586991.79326,2025-04-02 10:43:11.793263,lilac,NA,28,NA,GX021860-00.00.30.347
1743588202.26681,2025-04-02 11:03:22.266814,NA,NA,NA,? three possible birds. See GX041860 03:26:00,NA
1743588206.59386,2025-04-02 11:03:26.593859,NA,NA,NA,? three possible birds. See GX041860 03:26:00,NA
1743589573.19133,2025-04-02 11:26:13.191328,lilac,NA,28,?22,GX071860-00.00.50.208
1743589676.19793,2025-04-02 11:27:56.197929,yellow,NA,24,NA,GX071860-00.02.29.808
1743589691.71066,2025-04-02 11:28:11.710664,NA,NA,NA,? cannot see legs,GX071860-00.02.33.078
1743590134.56035,2025-04-02 11:35:34.560346,lilac,NA,28,NA,GX081860-00.01.38.991
1743590349.12819,2025-04-02 11:39:09.128187,turquoise,lime,40,?several birds go through in succession. This was the first bird,GX081860-00.05.11.261
1743591492.62191,2025-04-02 11:58:12.621911,orange,blue/turquoise,NA,?tags do not align with options finch data file,GX101860-00.07.08.328
1743591614.71652,2025-04-02 12:00:14.716516,NA,lime,52,NA,GX111860-00.00.35.894
1743591747.32942,2025-04-02 12:02:27.329422,NA,NA,NA,? 1 and 12 both walk off screen at the same time,GX111860-00.02.40.510 GX111860-00.02.44.214
1743591840.8109,2025-04-02 12:04:00.810903,NA,blue,2,NA,GX111860-00.04.25.999
1743591845.12001,2025-04-02 12:04:05.120005,lilac,NA,28,NA,GX111860-00.04.31.972
1743592004.14038,2025-04-02 12:06:44.140383,NA,NA,NA,"?only one leg visible. Male wt or bc. 1, 2, 3, 7 or 14",GX111860-00.07.10.714
1743592935.66908,2025-04-02 12:22:15.669078,purple,NA,41,NA,GX131860-00.05.28.094
1743593048.67902,2025-04-02 12:24:08.679023,turquoise,lime,40,NA,GX131860-00.07.28.565
1743593156.01857,2025-04-02 12:25:56.018567,lilac,NA,28,NA,GX141860-00.00.45.387
1743593696.58026,2025-04-02 12:34:56.580261,NA,NA,NA,"?25, unknown (left orange, right turquoise/blue, tags do not align with options finch data file) several cross at the same time",GX151860-00.01.10.128 GX151860-00.01.12.848
1743593701.16971,2025-04-02 12:35:01.169713,blue,lime,40,NA,GX151860-00.01.15.651
1743594196.33492,2025-04-02 12:43:16.334923,NA,lilac,1,NA,GX161860-00.00.52.803
1743594199.41192,2025-04-02 12:43:19.411917,NA,NA,NA,? cannot see legs (top right of photo),GX161860-00.00.56.848
1743594230.3001,2025-04-02 12:43:50.300101,NA,NA,NA,? cannot see legs (top right of photo),GX161860-00.01.25.577
1743594430.46083,2025-04-02 12:47:10.460831,turquoise,navy,49,NA,GX161860-00.04.30.403
1743594809.59402,2025-04-02 12:53:29.594017,NA,NA,NA,? cannot see legs (top left of photo),GX171860-00.02.39.985
1743594810.17664,2025-04-02 12:53:30.176639,lime,blue,52,NA,GX171860-00.02.41.995
1743595706.62576,2025-04-02 13:08:26.625761,NA,blue,2,NA,GX191860-00.00.32.591
1743595818.1813,2025-04-02 13:10:18.181302,NA,NA,34,NA,GX191860-00.02.11.089
1743595958.77001,2025-04-02 13:12:38.770008,lilac,lime,22,? 22 or unknown (no legs in frame). Photo shows both birds,GX191860-00.04.42.249
1743596269.19418,2025-04-02 13:17:49.194181,NA,brown,35,NA,GX201860-00.01.14.600
1743596329.19564,2025-04-02 13:18:49.195641,NA,NA,NA,? A few options as a couple of flights not recorded around the same time. Unknown cannot see legs/ left blue/turquoise possible 44 or 55 /or 4 (left green),GX201860-00.01.23.041 GX201860-00.01.26.820 GX201860-00.01.42.244
1743596504.03822,2025-04-02 13:21:44.038219,NA,turquoise,34,Leaves tunnel around 3:16,GX201860-00.02.59.946
1743596536.46165,2025-04-02 13:22:16.461649,navy,black,50,NA,GX201860-00.05.15.106
1743597011.22175,2025-04-02 13:30:11.221753,navy,black,50,NA,GX201860-00.05.48.515
1743597332.98502,2025-04-02 13:35:32.985019,purple,turquoise,58,NA,GX211860-00.00.13.897
1743597437.36356,2025-04-02 13:37:17.363556,turquoise,lime,40,NA,GX211860-00.04.50.957
1743598443.3177,2025-04-02 13:54:03.317703,lilac,lime,22,NA,GX241860-00.03.39.211
1743598708.11018,2025-04-02 13:58:28.110177,NA,NA,NA,NA,NA
1743599039.28663,2025-04-02 14:03:59.286632,lilac,NA,28,NA,GX251860-00.04.50.941
1743599188.75365,2025-04-02 14:06:28.753653,NA,pink,NA,?17 or 37,GX251860-00.07.15.035
1743599277.95807,2025-04-02 14:07:57.958074,lilac,lime,22,NA,GX261860-00.00.16.600
1743599372.45572,2025-04-02 14:09:32.45572,orange,white,NA,? unsure of timings. Either unknown (left orange right white cannot find on the id)/39 (left brown right lime)/56 (left brown right orange),GX261860-00.01.44.746 GX261860-00.02.05.083 GX261860-00.02.07.202
1743599547.71214,2025-04-02 14:12:27.712143,NA,lilac/purple,NA,?1/18/31,GX261860-00.04.59.099
1743599616.03894,2025-04-02 14:13:36.038938,lime,NA,NA,can’t see right leg. 32 (Moth-Man I) or 52,GX261860-00.05.53.245
1743600342.63496,2025-04-02 14:25:42.634957,NA,lilac,1,NA,GX281860-00.00.53.370
1743600667.29264,2025-04-02 14:31:07.292639,NA,pink,17,NA,GX281860-00.06.20.130
1743601345.39352,2025-04-02 14:42:25.393517,NA,NA,NA,?cannot see. Tail in bottom left,GX301860-00.00.26.068
1743601375.53784,2025-04-02 14:42:55.537837,NA,blue,NA,?2 or 8,GX301860-00.01.00.794
1743601408.17665,2025-04-02 14:43:28.176648,NA,NA,NA,?cannot see feat. Bottom left,GX301860-00.01.35.762
1743602158.96132,2025-04-02 14:55:58.961323,brown,orange,56,NA,GX311860-00.05.35.752
1743602391.45073,2025-04-02 14:59:51.450727,yellow,NA,24,NA,GX321860-00.00.55.497
1743602613.4866,2025-04-02 15:03:33.4866,blue,grey ,16,NA,GX321860-00.04.34.749
1743602618.44306,2025-04-02 15:03:38.443058,NA,brown,35,NA,GX321860-00.04.30.620
1743602677.92677,2025-04-02 15:04:37.926767,brown,orange,56,NA,GX321860-00.05.22.489
1743603267.55791,2025-04-02 15:14:27.557906,NA,NA,NA,NA,NA
1743603519.08157,2025-04-02 15:18:39.081567,NA,blue,2,NA,GX341860-00.02.14.735
1743604569.86025,2025-04-02 15:36:09.860251,turquoise,lime,40,NA,GX361860-00.02.52.064
1743604589.93552,2025-04-02 15:36:29.935521,NA,NA,NA,"can’t see legs clearly. 35, 12, 3, 20, 33",GX361860-00.03.24.146
1743604609.91503,2025-04-02 15:36:49.915033,white,NA,NA,NA,GX361860-00.03.53.158
1743604637.19431,2025-04-02 15:37:17.194305,NA,NA,NA,Can’t see legs,GX361860-00.04.13.720
1743604650.50266,2025-04-02 15:37:30.502661,NA,NA,9,NA,GX361860-00.04.29.002
1743604705.98735,2025-04-02 15:38:25.987345,NA,turquoise/blue,NA,? 8 or 34,GX361860-00.06.09.119
1743604706.0627,2025-04-02 15:38:26.062703,NA,NA,NA,NA,NA
1743604752.66045,2025-04-02 15:39:12.660453,NA,NA,NA,NA,NA
1743604752.70452,2025-04-02 15:39:12.704516,NA,NA,NA,NA,NA
1743604755.85988,2025-04-02 15:39:15.859883,NA,NA,NA,NA,NA
1743604919.78306,2025-04-02 15:41:59.78306,NA,NA,NA,"can’t see left leg clearly 33, 12, 14, 3",GX371860-00.00.23.240
1743608883.36282,2025-04-02 16:48:03.362816,NA,NA,NA,can’t see legs – top left,GX441860-00.06.35.395
1743609549.45305,2025-04-02 16:59:09.453052,NA,NA,NA,Can’t see legs clearly ,GX461860-00.00.38.205
1743692940.44101,2025-04-03 16:09:00.44101,NA,NA,NA,NA,NA
1743693386.92564,2025-04-03 16:16:26.925644,NA,NA,NA,NA,NA
1743693446.77054,2025-04-03 16:17:26.770543,NA,NA,NA,NA,NA
1743693657.13369,2025-04-03 16:20:57.133687,NA,NA,NA,NA,NA
1743693699.98007,2025-04-03 16:21:39.980071,NA,NA,NA,NA,NA
1743693822.66469,2025-04-03 16:23:42.664694,NA,NA,NA,NA,NA
1743694087.07452,2025-04-03 16:28:07.074524,NA,NA,NA,NA,NA
1743694260.48658,2025-04-03 16:31:00.486581,NA,NA,NA,NA,NA
1743694514.27298,2025-04-03 16:35:14.272978,NA,NA,NA,NA,NA
1743694648.40816,2025-04-03 16:37:28.40816,NA,NA,NA,NA,NA
1743694833.69999,2025-04-03 16:40:33.699993,NA,NA,NA,NA,NA
1743695584.20995,2025-04-03 16:53:04.209951,NA,NA,NA,NA,NA
1743757239.00236,2025-04-04 10:00:39.002363,NA,blue,2,NA,GX061862-00.02.07.427
1743757459.52149,2025-04-04 10:04:19.521486,NA,lilac,1,NA,GX061862-00.05.50.100
1743758626.83786,2025-04-04 10:23:46.837862,brown,turquoise,59,NA,GX081862-00.08.03.525
1743759372.50075,2025-04-04 10:36:12.500752,NA,blue,2,NA,GX101862-00.03.31.803
1743759373.2107,2025-04-04 10:36:13.210696,lilac,lime,22,NA,GX101862-00.03.33.230
1743759816.01661,2025-04-04 10:43:36.016612,NA,light pink,37,?17,GX111862-00.02.18.905
1743759976.54338,2025-04-04 10:46:16.54338,lilac,NA,28,NA,GX111862-00.05.03.920
1743761030.34771,2025-04-04 11:03:50.347709,brown,NA,33,NA,GX131862-00.05.31.006
1743761033.17815,2025-04-04 11:03:53.178154,brown,turquoise,59,NA,GX131862-00.05.33.158
1743761638.10937,2025-04-04 11:13:58.109374,turquoise,lime,40,NA,GX141862-00.07.05.934
1743761771.56057,2025-04-04 11:16:11.560572,lilac,NA,28,NA,GX151862-00.00.48.448
1743763375.3622,2025-04-04 11:42:55.362195,NA,lilac,1,NA,GX181862-00.01.55.816
1743763581.30722,2025-04-04 11:46:21.307223,lime,blue,52,NA,GX181862-00.06.17.394
1743764068.96712,2025-04-04 11:54:28.967116,NA,brown,35,NA,GX191862-00.04.44.551
1743764891.66479,2025-04-04 12:08:11.664793,brown,lime,39,NA,GX211862-00.01.07.534
1743764893.00695,2025-04-04 12:08:13.006947,NA,NA,NA,NA,NA
1743765553.79008,2025-04-04 12:19:13.790078,NA,light pink,37,17?,GX221862-00.03.28.825
1744017217.98806,2025-04-07 10:13:37.988063,NA,blue,2,NA,GX011863-00.01.11.029
1744017440.64453,2025-04-07 10:17:20.644531,lilac,NA,28,NA,GX011863-00.05.15.457
1744017457.36883,2025-04-07 10:17:37.368829,NA,blue,2,NA,GX011863-00.05.19.786
1744017730.66274,2025-04-07 10:22:10.662743,purple,turquoise,,NA,GX021863-00.01.59.336
1744017823.56542,2025-04-07 10:23:43.565419,lilac,NA,28,??,GX021863-00.03.36.817
1744017960.52914,2025-04-07 10:26:00.529136,NA,NA,NA,5.07,GX021863-00.05.07.574
1744018023.93458,2025-04-07 10:27:03.934585,white,NA,25,5.08 or 6.57,GX021863-00.05.08.425 or (GX021863-00.06.57.183 - lilac / lime - male - 22)
1744018043.17223,2025-04-07 10:27:23.172232,NA,NA,NA,5.52 or 7.15,GX021863-00.05.52.077 or (GX021863-00.07.15.010 - NA / blue - male - 2)
1744018143.60261,2025-04-07 10:29:03.602615,NA,NA,NA,four birds walking though,NA
1744018181.42757,2025-04-07 10:29:41.427567,NA,NA,NA,four birds walking though,NA
1744018439.81706,2025-04-07 10:33:59.817061,brown,NA,33,5.19,GX031863-00.05.19.744 followed by GX031863-00.05.21.963 - male but can’t identify) and then (GX031863-00.05.40.182 - brown / lime – 33)
1744018812.51001,2025-04-07 10:40:12.510011,blue,NA,27,left leg only visible but has brown checks,GX041863-00.03.00.305
1744018813.87027,2025-04-07 10:40:13.870272,pink,lime,42,check order that this and bird before exited,GX041863-00.02.59.112
1744018898.80902,2025-04-07 10:41:38.809025,NA,pink?,15?,not clear,GX041863-00.04.27.000
1744018918.73211,2025-04-07 10:41:58.732113,NA,lilac,1,NA,GX041863-00.04.46.945
1744019080.08427,2025-04-07 10:44:40.084274,NA,pink,17 or 37,only one leg showing and two birds go through at once,GX041863-00.07.23.918
1744021461.28213,2025-04-07 11:24:21.282127,NA,purple,31,NA,GX091863-00.04.26.958
1744021933.96778,2025-04-07 11:32:13.967779,NA,blue,Possibly 2,only one foot showing,GX101863-00.02.43.488
1744022106.62671,2025-04-07 11:35:06.626709,NA,NA,NA,unclear,GX101863-00.04.54.169 or could be GX101863-00.06.26.786 left leg lilac (28) but cant see right leg 
1744022510.06822,2025-04-07 11:41:50.068224,NA,NA,NA,??,GX111863-00.00.54.196
1744022517.397,2025-04-07 11:41:57.397001,white,NA,9 or 25,??,GX111863-00.01.02.829
1744023911.50866,2025-04-07 12:05:11.508658,NA,NA,NA,??,GX141863-00.02.32.602
1744023938.14555,2025-04-07 12:05:38.145548,NA,NA,NA,??,GX141863-00.02.58.620
1744024354.18467,2025-04-07 12:12:34.184669,lilac,lime,22,NA,GX151863-00.00.19.244
1744024547.15197,2025-04-07 12:15:47.151965,white,NA,25,other birds went through at the same time,GX151863-00.03.23.895
1744025145.52681,2025-04-07 12:25:45.526805,lilac,lime,22,NA,GX161863-00.05.58.683
1744025184.38126,2025-04-07 12:26:24.381261,NA,NA,31,NA,GX161863-00.06.42.444
1744026251.93,2025-04-07 12:44:11.929995,green,black,19,NA,GX181863-00.07.24.953
1744027099.18987,2025-04-07 12:58:19.189866,NA,pink,male,??,GX201863-00.04.25.290
1744027533.11626,2025-04-07 13:05:33.116261,turquoise,lime,40,NA,GX211863-00.02.28.023
1744028081.95434,2025-04-07 13:14:41.954345,brown,turquoise,59,,GX221863-00.03.35.490
1744028111.63019,2025-04-07 13:15:11.630188,brown,turquoise,59,,GX221863-00.03.42.492
1744028544.3888,2025-04-07 13:22:24.388796,NA,pink,17,37 light pink,GX231863-00.02.44.464
1744032669.47943,2025-04-07 14:31:09.479433,NA,NA,NA,NA,GX311863-00.03.19.766
1744032677.15531,2025-04-07 14:31:17.155314,NA,NA,NA,NA,GX311863-00.03.25.021
1744099812.49652,2025-04-08 09:10:12.49652,NA,blue,2,NA,GX011864-00.04.30.003
1744100251.94764,2025-04-08 09:17:31.947644,NA,NA,NA,NA,GX021864-00.02.47.793
1744100498.41737,2025-04-08 09:21:38.417373,turquoise,NA,13,NA,GX021864-00.07.17.821
1744101148.56038,2025-04-08 09:32:28.560376,purple,NA,36,NA,GX041864-00.00.58.700
1744101332.22713,2025-04-08 09:35:32.227127,lilac,NA,28,NA,GX041864-00.04.12.469
1744101478.78381,2025-04-08 09:37:58.783809,brown,turquoise,59,NA,GX041864-00.06.36.988
1744101633.77425,2025-04-08 09:40:33.774252,NA,purple, ,18 or 31,GX051864-00.00.40.307
1744101804.61296,2025-04-08 09:43:24.612963,brown,turquoise,59,NA,GX051864-00.02.12.683
1744101846.89564,2025-04-08 09:44:06.895637,NA,NA,NA,NA,GX051864-00.03.32.279
1744101984.52133,2025-04-08 09:46:24.521326,lilac,lime,22,NA,GX051864-00.03.46.134 and GX051864-00.03.46.151
1744102187.06507,2025-04-08 09:49:47.065074,lime,blue,52,,GX061864-00.01.22.899
1744102292.04437,2025-04-08 09:51:32.044374,NA,NA,NA,NA,GX061864-00.03.06.903
1744102303.9389,2025-04-08 09:51:43.938899,NA,grey,NA,can’t see left leg,GX061864-00.03.15.404
1744102333.23468,2025-04-08 09:52:13.234681,NA,,2 or 1,two birds followed each other,GX061864-00.03.47.661 or GX061864-00.03.48.987
1744102572.18043,2025-04-08 09:56:12.180434,lilac,lime,22,NA,GX071864-00.00.40.090
1744102937.97628,2025-04-08 10:02:17.976275,NA,brown,35,multiple birds,GX071864-00.05.10.352
1744103002.73151,2025-04-08 10:03:22.731505,NA,NA,NA,multiple birds,NA
1744103270.10095,2025-04-08 10:07:50.100951,brown,NA,33,Can’t see right leg,GX081864-00.02.16.253
1744103404.00659,2025-04-08 10:10:04.00659,NA,grey,7,NA,GX081864-00.04.32.364
1744103412.75947,2025-04-08 10:10:12.759466,NA,black black,10,NA,GX081864-00.04.38.270
1744103592.79526,2025-04-08 10:13:12.795264,NA,NA,NA,no ring?,GX081864-00.07.24.144
1744103603.73514,2025-04-08 10:13:23.735138,NA,NA,NA,NA,GX081864-00.07.37.557
1744103632.7077,2025-04-08 10:13:52.707702,green,green,29,NA,GX081864-00.08.22.894
1744103741.46257,2025-04-08 10:15:41.462569,green,green,29,NA,GX091864-00.01.39.107
1744105178.96085,2025-04-08 10:39:38.960852,NA,NA,22 or 6?,end of one video - beginning of next,GX111864-00.08.31.653 or GX121864-00.00.19.394
1744105406.8746,2025-04-08 10:43:26.874597,NA,lilac,1,,GX121864-00.03.47.043
1744105465.97954,2025-04-08 10:44:25.979538,brown,NA,NA,Can’t see right ring but Brown left ring visible is 33,GX121864-00.04.44.643
1744105466.47415,2025-04-08 10:44:26.474151,lime,blue,52,NA,GX121864-00.04.46.628 and GX121864-00.04.46.636d 
1744105512.7112,2025-04-08 10:45:12.711198,NA,NA,NA,can’t see left ring - right is possibly brown - bird is male,GX121864-00.05.32.849
1744105569.54801,2025-04-08 10:46:09.54801,lilac,lime,22,NA,GX121864-00.07.04.799
1744105605.64704,2025-04-08 10:46:45.647042,NA,lilac,1,can’t see left leg but right ring lilac is 1,GX121864-00.07.06.251
1744105607.68396,2025-04-08 10:46:47.683958,NA,NA,NA,several birds went through - none had visible rings,
1744105659.45711,2025-04-08 10:47:39.457107,NA,turquoise,2,NA,GX121864-00.08.18.039
1744105680.21289,2025-04-08 10:48:00.212888,navy,navy,45,NA,GX121864-00.08.18.757
1744105683.1584,2025-04-08 10:48:03.158402,lilac,lime,22,NA,GX121864-00.08.19.207
1744105815.98789,2025-04-08 10:50:15.987892,purple,orange,53,NA,GX131864-00.01.42.444
1744105882.39237,2025-04-08 10:51:22.39237,lilac,lime,22,blurry photo – check ring colours,GX131864-00.03.10.065
1744106431.89962,2025-04-08 11:00:31.899618,NA,NA,NA,NA,12+ birds - first approx 2.50 - next from 3.35 onwards
1744106461.21848,2025-04-08 11:01:01.218485,NA,NA,NA,NA,ditto
1744106477.10634,2025-04-08 11:01:17.106339,NA,NA,NA,NA,ditto
1744106503.8155,2025-04-08 11:01:43.815498,NA,NA,NA,NA,ditto
1744106511.99868,2025-04-08 11:01:51.998676,NA,NA,NA,NA,ditto
1744106531.68685,2025-04-08 11:02:11.686846,NA,NA,NA,NA,ditto
1744106546.78351,2025-04-08 11:02:26.783508,NA,NA,NA,NA,ditto
1744106719.28388,2025-04-08 11:05:19.283884,NA,pink,NA,left ring not visible but definitely male so 38 or 43,GX141864-00.08.30.752
1744106890.35357,2025-04-08 11:08:10.353572,NA,NA,NA,rings not visible,GX151864-00.02.51.505 and GX151864-00.02.52.147
1744106913.25305,2025-04-08 11:08:33.25305,NA,NA,NA,no rings – male?,GX151864-00.03.03.033 and GX151864-00.03.02.966 
1744107064.70667,2025-04-08 11:11:04.706667,NA,NA,NA,rings not visible – multiples went through around now,GX151864-00.05.57.199
1744107138.933,2025-04-08 11:12:18.932999,NA,lime,,right yellow? Left not visible. More went through after,GX151864-00.06.55.156
1744107880.02524,2025-04-08 11:24:40.025242,olive,NA,4,NA,GX171864-00.02.15.027
1744109041.99364,2025-04-08 11:44:01.993638,lime,blue,52,NA,GX191864-00.04.35.192
1744109419.40207,2025-04-08 11:50:19.402068,NA,NA,NA,Right grey left blue = 16 or left green 19 or 29,GX201864-00.02.12.099 or GX201864-00.02.17.554
1744109466.28601,2025-04-08 11:51:06.286011,NA,NA,NA,left grey no id Could be a bird that hopped through just before,GX201864-00.02.58.620
1744109794.71132,2025-04-08 11:56:34.711315,NA,black black,10,NA,GX201864-00.07.59.896
1744109978.99219,2025-04-08 11:59:38.992188,NA,NA,NA,can’t see rings,GX211864-00.03.06.595
1744110183.38417,2025-04-08 12:03:03.384173,purple,NA,NA,Can’t see right leg. Male - 36 or 58 Female – 41  46  48  53,GX211864-00.06.29.222
1744110595.04172,2025-04-08 12:09:55.041721,lilac,NA,NA,cant see right leg. Def male. 28 or 22?,GX221864-00.04.50.106
1744111453.92748,2025-04-08 12:24:13.927483,turquoise,lime,40,NA,GX241864-00.01.44.871
1744111899.08651,2025-04-08 12:31:39.086514,lime,blue,52,NA,GX251864-00.00.58.000
1744112407.36434,2025-04-08 12:40:07.364338,NA,purple,NA,31 Male. 18 Female?,GX261864-00.00.49.925
1744112465.93507,2025-04-08 12:41:05.935066,NA,NA,NA,Male Not clear tags 3 others follow in quick succession from approx 1.42,GX261864-00.01.26.503
1744112573.24375,2025-04-08 12:42:53.243755,blue,NA,37,Can’t see right. Has brown cheeks Male,GX261864-00.03.37.217
1744113022.14246,2025-04-08 12:50:22.142455,navy,navy,45,NA,GX271864-00.02.35.255
1744113190.51493,2025-04-08 12:53:10.51493,lilac,NA,28,NA,GX271864-00.05.23.014
1744113433.32376,2025-04-08 12:57:13.323755,NA,NA,NA,can’t see ,GX281864-00.00.53.312
1744115239.6117,2025-04-08 13:27:19.611696,brown,turquoise,59,NA,GX311864-00.05.15.974
1744115249.80426,2025-04-08 13:27:29.804263,NA,NA,NA,looks empty - empty,GX311864-00.05.30.780
1744115350.08915,2025-04-08 13:29:10.089151,NA,NA,NA,NA,GX311864-00.07.05.926 - ? or GX311864-00.07.15.844 -  left turquoise / right lime 40
1744116056.55774,2025-04-08 13:40:56.557739,NA,NA,NA,NA,GX331864-00.01.41.585 – no legs showing or GX331864-00.01.42.811 – left light pink /  right lime 42
1744118813.63094,2025-04-08 14:26:53.630938,NA,NA,NA,can’t see ,GX381864-00.05.08.558 or GX381864-00.05.08.793 - might come back – GX381864-00.05.14.147
1744120565.93434,2025-04-08 14:56:05.934336,brown,NA,33,lots also go through at 1:15,GX421864-00.00.11.103
1744121323.07977,2025-04-08 15:08:43.079769,brown,turquoise,59,NA,GX431864-00.03.54.876
1744124534.24023,2025-04-08 16:02:14.240233,lime,blue,52,NA,GX491864-00.05.12.712
1744619535.05274,2025-04-14 09:32:15.052736,NA,turquoise,34,NA,GX011865-00.04.25.599
1744620569.61103,2025-04-14 09:49:29.611028,NA,NA,NA,can’t see but definitely male,GX031865-00.04.52.384
1744620621.38019,2025-04-14 09:50:21.380186,brown,turquoise,59,,GX031865-00.05.52.719
1744620794.61212,2025-04-14 09:53:14.612123,NA,NA,NA,right blue? Can’t see left clearly,GX041865-00.00.06.773
1744621139.72165,2025-04-14 09:58:59.721653,,NA,NA,Male – left lime pied 32 – or yellow wt 24,GX041865-00.05.12.379
1744621677.15735,2025-04-14 10:07:57.157346,NA,NA,NA,From 7.28 lots hop through – I can’t tell which ones ‘count’,NA
1744621743.66481,2025-04-14 10:09:03.66481,NA,NA,NA,ditto above,NA
1744621751.28997,2025-04-14 10:09:11.289971,NA,NA,NA,ditto above,NA
1744621757.33052,2025-04-14 10:09:17.330517,NA,NA,NA,ditto above,NA
1744621800.75516,2025-04-14 10:10:00.755157,NA,NA,NA,left tag pink or light pink – can’t see right,GX051865-00.07.58.536
1744621828.31429,2025-04-14 10:10:28.314288,NA,NA,NA,no flights at the beginning of this video Maybe look at last video as a lot of birds went through at the end 9see above note),NA
1744621851.40566,2025-04-14 10:10:51.405658,NA,NA,NA,ditto above,
1744622073.77588,2025-04-14 10:14:33.775876,NA,,NA,this and the next bird went through one after the other and had a chat – don’t know what order they came out the other end,GX061865-00.03.26.606
1744622108.37493,2025-04-14 10:15:08.374925,NA,NA,NA,blue/turquoise right 2   8   or 34,GX061865-00.03.30.318
1744622127.49051,2025-04-14 10:15:27.490508,NA,NA,NA,this video is frustrating – time stamps aren’t corresponding. Birds are coming through from the other side but ,
1744622146.47555,2025-04-14 10:15:46.475555,NA,NA,NA,NA,NA
1744622253.46555,2025-04-14 10:17:33.465549,NA,NA,NA,no bird at this time stamp,NA
1744622308.99789,2025-04-14 10:18:28.997892,NA,NA,NA,NA,NA
1744622405.62997,2025-04-14 10:20:05.629969,NA,NA,NA,NA,NA
1744622678.64227,2025-04-14 10:24:38.642265,NA,NA,NA,NA,NA
1744623047.60918,2025-04-14 10:30:47.609179,NA,NA,NA,NA,NA
1744625110.65672,2025-04-14 11:05:10.656723,NA,NA,NA,NA,NA
1744625897.46713,2025-04-14 11:18:17.467132,NA,NA,NA,NA,NA
1744626121.71147,2025-04-14 11:22:01.711469,NA,NA,NA,NA,NA
1744626136.56449,2025-04-14 11:22:16.564494,NA,NA,NA,NA,NA
1744626136.97016,2025-04-14 11:22:16.970162,NA,NA,NA,NA,NA
1744626201.35034,2025-04-14 11:23:21.35034,NA,NA,NA,NA,NA
1744626293.36515,2025-04-14 11:24:53.365149,NA,NA,NA,NA,NA
1744629419.32183,2025-04-14 12:16:59.321833,empty,empty,NA,3  12  14  20  60  61 or 62,GX201865-00.06.59.811
1744630141.35786,2025-04-14 12:29:01.357865,NA,NA,NA,Left purple very blurry can’t see right leg,GX221865-00.02.05.025
1744630248.39536,2025-04-14 12:30:48.395357,NA,NA,NA,Left ?? Right leg lime?,GX221865-00.03.44.374
1744630277.24085,2025-04-14 12:31:17.240854,NA,NA,NA,Left lime? Right blue? = 52 or right pink/light pink = 17 or37 but cant see left leg ,GX221865-00.03.51.456 or GX221865-00.04.14.362
1744791812.34627,2025-04-16 09:23:32.346268,yellow,NA,24,NA,GX021866-00.01.09.069
1744792418.71601,2025-04-16 09:33:38.716008,NA,NA,NA,can’t see feet,GX031866-00.02.08.679
1744792424.5433,2025-04-16 09:33:44.543297,navy,navy,45,NA,GX031866-00.02.11.031
1744792453.81819,2025-04-16 09:34:13.818192,,,,Left Brown – right lime = 39   left lilac – right lime = 22  brown – brown = 47,GX031866-00.02.42.045 or GX031866-00.02.42.996 or GX031866-00.02.45.615  
1744792574.27234,2025-04-16 09:36:14.272345,green,green,29,NA,GX031866-00.04.47.329
1744792838.15184,2025-04-16 09:40:38.151837,NA,,NA,Right – blue or turquoise = 2  8  or 34,GX041866-00.00.03.795
1744792841.3293,2025-04-16 09:40:41.329297,lime,blue,52,NA,GX041866-00.00.09.935
1744794505.89455,2025-04-16 10:08:25.894547,NA,NA,NA,sideways shot can see bird face but not feet ,GX071866-00.02.46.208
1744794608.04071,2025-04-16 10:10:08.040711,brown,turquoise,59,NA,GX071866-00.04.18.859
1744794608.71254,2025-04-16 10:10:08.712538,NA,NA,NA,sideways shot can see bird face but not feet ,GX071866-00.04.25.282
1744794866.84517,2025-04-16 10:14:26.845165,empty,empty,NA,3  12  14  20  60  61 or 62,GX081866-00.00.16.633
1744794890.88244,2025-04-16 10:14:50.882435,NA,NA,NA,side on view of first bird 2nd right light pink or pink and can’t see left leg clearly,GX081866-00.00.37.813 or GX081866-00.00.39.498
1744795131.55074,2025-04-16 10:18:51.550737,navy,navy,45,NA,GX081866-00.04.38.061
1744795357.29394,2025-04-16 10:22:37.293936,,,NA,no bird at this time stamp,
1744795369.00483,2025-04-16 10:22:49.004833,NA,NA,NA,can’t see legs – male,GX091866-00.02.31.326
1744795391.20274,2025-04-16 10:23:11.202738,NA,NA,NA,time stamps aren’t matching up well,
1744795473.39974,2025-04-16 10:24:33.399744,empty,empty,NA,3  12  14  20  60  61 or 62,GX091866-00.03.15.495
1744795557.43179,2025-04-16 10:25:57.431789,,,,navy navy = 45 or empty empty (see above) ,GX091866-00.03.16.188 or GX091866-00.03.51.239
1744795608.36145,2025-04-16 10:26:48.361452,NA,NA,NA,can’t see legs clearly – male,GX091866-00.03.53.809
1744795718.27195,2025-04-16 10:28:38.27195,NA,NA,NA,no bird at this time stamp,NA
1744795730.01175,2025-04-16 10:28:50.01175,NA,NA,NA,ditto above,NA
1744795790.7411,2025-04-16 10:29:50.741096,NA,NA,NA,ditto above,NA
1744795801.02203,2025-04-16 10:30:01.022034,NA,NA,NA,ditto above,NA
1744795851.42425,2025-04-16 10:30:51.424245,NA,NA,NA,ditto above,NA
1744795892.61539,2025-04-16 10:31:32.615394,NA,NA,NA,ditto above,NA
1744796055.73868,2025-04-16 10:34:15.738675,NA,NA,NA,ditto above,NA
1744796066.90657,2025-04-16 10:34:26.906568,NA,NA,NA,ditto above,NA
1744796295.99493,2025-04-16 10:38:15.994932,NA,brown,35,NA,GX101866-00.07.09.029
1744796317.1915,2025-04-16 10:38:37.191497,NA,,,right lime/yellow can’t see left,GX101866-00.07.24.019
1744796343.92317,2025-04-16 10:39:03.923166,NA,NA,NA,right turquoise/blue can’t see left – male so 2  52  or 58 or 2nd bird beginning of next video can’t see legs,GX101866-00.07.59.487 or GX111866-00.00.27.536
1744796368.03196,2025-04-16 10:39:28.031964,navy,navy,45,NA,GX111866-00.00.27.995
1744796745.65933,2025-04-16 10:45:45.659331,NA,NA,NA,birds go through at approx 7.24  7.26 (these two might have turned around later and come back)  7.59  8.01  8.03  8.10,
1744796817.99589,2025-04-16 10:46:57.995888,NA,NA,NA,ditto above,
1744796826.72465,2025-04-16 10:47:06.724647,NA,NA,NA,ditto above,
1744796907.00879,2025-04-16 10:48:27.008791,NA,NA,NA,next video doesn’t have birds going through at the start so maybe two of the birds from the previous video?,
1744796921.01621,2025-04-16 10:48:41.016209,NA,NA,NA,ditto above,
1744797403.4699,2025-04-16 10:56:43.469897,NA,NA,NA,no bird at this time stamp,NA
1744797406.08948,2025-04-16 10:56:46.089475,NA,NA,NA,ditto above,NA
1744797422.42721,2025-04-16 10:57:02.427206,NA,NA,NA,ditto above,NA
1744800337.59931,2025-04-16 11:45:37.599312,lilac,lime,22,timing is off but it’s the only bird I could see that went through,GX181866-00.04.23.447
1744800922.49111,2025-04-16 11:55:22.491112,NA,NA,NA,ditto above right blue/turquoise can’t see left,GX191866-00.05.17.809
1744801003.65411,2025-04-16 11:56:43.65411,NA,NA,NA,no bird at this time stamp,NA
1744801148.03902,2025-04-16 11:59:08.03902,empty,empty,NA,3  12  14  20  60  61 or 62,GX201866-00.02.58.904
1744801207.24153,2025-04-16 12:00:07.24153,NA,NA,NA,no bird at this time stamp,NA
1744801269.96915,2025-04-16 12:01:09.969155,NA,NA,NA,no bird at this time stamp,NA
1744801276.86132,2025-04-16 12:01:16.861317,NA,NA,NA,no bird at this time stamp Bird at 4.37 green green = 29,GX201866-00.04.37.169
1744802062.77265,2025-04-16 12:14:22.772654,NA,lilac,1,,GX221866-00.00.38.088
1744802129.48451,2025-04-16 12:15:29.484511,NA,NA,NA,empty empty or navy navy 45,GX221866-00.02.05.609 or GX221866-00.02.09.304
1744802277.27704,2025-04-16 12:17:57.277036,NA,NA,NA,timing is off empty empty or left white?,GX221866-00.06.44.738 
1744802301.5156,2025-04-16 12:18:21.515598,navy,navy,45,timing is off ,GX221866-00.06.47.207
1744803234.52704,2025-04-16 12:33:54.527044,brown,turquoise,59,,GX241866-00.02.59.554 
1744803324.05534,2025-04-16 12:35:24.055338,yellow,NA,24,NA,GX241866-00.04.31.772
1744803460.27391,2025-04-16 12:37:40.273912,NA,NA,NA,blurry photo ,GX241866-00.06.49.301
1744803514.2132,2025-04-16 12:38:34.213202,NA,NA,NA,blurry photo ,GX241866-00.07.44.456
1744803531.56633,2025-04-16 12:38:51.566332,NA,NA,NA,empty empty?,GX241866-00.07.59.087
1744803712.14945,2025-04-16 12:41:52.149447,orange,NA,5,NA,GX251866-00.02.28.198
1744804092.94242,2025-04-16 12:48:12.942417,navy,navy,45,NA,GX261866-00.00.18.235
1744804293.4812,2025-04-16 12:51:33.481198,NA,NA,NA,can’t see legs – male,GX261866-00.04.43.758
1744804293.94276,2025-04-16 12:51:33.942759,NA,NA,NA,left navy/blue right blurry – grey? Navy? Black? ,GX261866-00.04.44.893
1744804358.20209,2025-04-16 12:52:38.202092,NA,blue,2,Has black cheeks,GX261866-00.05.30.655
1744804359.77859,2025-04-16 12:52:39.778594,NA,NA,NA,no bird at this time stamp,NA
1744804813.53534,2025-04-16 13:00:13.535339,NA,NA,NA,no bird at this time stamp,NA
1744804873.48742,2025-04-16 13:01:13.487425,NA,NA,NA,no bird at this time stamp,NA
1744805051.39318,2025-04-16 13:04:11.393179,NA,NA,NA,Left Brown right lime = 39   left lilac – right lime = 22 ,GX271866-00.07.40.919 or GX271866-00.07.43.029
1744805130.4404,2025-04-16 13:05:30.440396,NA,NA,NA,turquoise black = 51 but right leg not clear,GX281866-00.00.28.170
1744806983.10323,2025-04-16 13:36:23.103225,NA,NA,NA,can’t see legs – male,GX311866-00.06.23.850
1744807000.49527,2025-04-16 13:36:40.495269,NA,NA,NA,left can’t see clearly right empty possibly both empty,GX311866-00.06.39.049
1744807008.42727,2025-04-16 13:36:48.427272,NA,NA,NA,can’t see legs – male,GX311866-00.06.42.992
1744807103.08232,2025-04-16 13:38:23.082322,NA,NA,NA,Left empty Right blue or turquoise? 2  8  or 34 ,GX311866-00.07.47.359
1744807154.74822,2025-04-16 13:39:14.748222,NA,NA,NA,blurry photo possibly empty empty male,GX321866-00.00.05.364
1744807271.65638,2025-04-16 13:41:11.65638,NA,NA,NA,no bird at this time stamp,NA
1744807355.55387,2025-04-16 13:42:35.553872,empty,empty,NA,Possibly 320 bird 3  12  14  20  60  61 or 62,GX321866-00.03.12.309
1744807361.63478,2025-04-16 13:42:41.634782,navy ,navy,45,Possibly 321 bird,GX321866-00.03.13.393
1744807363.88566,2025-04-16 13:42:43.885662,olive,NA,4,possibly not counted,GX321866-00.03.44.141
1744807493.5518,2025-04-16 13:44:53.551796,,,,can’t see legs ,GX321866-00.06.11.922 or GX321866-00.06.12.414
1744807497.0668,2025-04-16 13:44:57.066797,navy,navy,45,NA,GX321866-00.06.15.850
1744808943.75715,2025-04-16 14:09:03.757151,NA,NA,NA,empty empty male or can’t see legs – go through at the same time,GX351866-00.05.33.658 or GX351866-00.05.34.150
1744809063.56234,2025-04-16 14:11:03.562336,NA,NA,NA,left leg not visible right turquoise timing is off but nothing goes through after this bird,GX351866-00.06.00.602
1744809229.18493,2025-04-16 14:13:49.184927,,,,no bird at this time stamp,
1744877221.71882,2025-04-17 09:07:01.718822,navy,navy,45,NA,GX011867-00.03.30.969
1744877232.63004,2025-04-17 09:07:12.63004,empty,empty,14,black cheeks so 14?,GX011867-00.03.39.636
1744877305.70668,2025-04-17 09:08:25.706683,NA,NA,NA,no bird at this time stamp,NA
1744878311.63787,2025-04-17 09:25:11.637865,empty,empty,14,black cheeks so 14?,GX031867-00.05.25.158
1744878395.26638,2025-04-17 09:26:35.266383,navy,navy,45,NA,GX031867-00.06.20.589
1744878416.35964,2025-04-17 09:26:56.359639,NA,NA,NA,can’t see tags,GX031867-00.06.33.184 
1744878478.91678,2025-04-17 09:27:58.916776,NA,NA,NA,no bird at this time stamp,
1744878537.49737,2025-04-17 09:28:57.497374,navy,black,50,NA,GX031867-00.08.18.898
1744879368.77349,2025-04-17 09:42:48.77349,empty,empty,14,black cheeks so 14?,GX051867-00.05.07.657 (and same bird face close up GX051867-00.05.07.557)
1744879414.69713,2025-04-17 09:43:34.697133,navy,navy,45,NA,GX051867-00.05.53.895
1744879454.67239,2025-04-17 09:44:14.67239,turquoise,grey,55,NA,GX051867-00.06.31.258
1744879531.87222,2025-04-17 09:45:31.872222,empty,empty,14,black cheeks so 14?,GX051867-00.07.50.829  
1744879532.50704,2025-04-17 09:45:32.507044,NA,NA,NA,left navy/blue cant see right tag,GX051867-00.07.51.221
1744879560.04632,2025-04-17 09:46:00.046318,empty,empty,14,black cheeks so 14?,GX051867-00.08.29.726
1744879570.86723,2025-04-17 09:46:10.867234,NA,NA,NA,left navy/blue cant see right tag,GX051867-00.08.30.018
1744879571.39216,2025-04-17 09:46:11.39216,NA,yellow,30,left leg not visible but 30 has been hanging around from beginning of this video,GX061867-00.00.10.360
1744879688.34924,2025-04-17 09:48:08.349242,brown,turquoise,59,NA,GX061867-00.01.53.947
1744879688.80913,2025-04-17 09:48:08.809133,NA,NA,NA,left yellow/lime can’t see right,GX061867-00.01.55.290
1744879691.12837,2025-04-17 09:48:11.128375,NA,NA,NA,blurry photo ,GX061867-00.01.55.616
1744879775.76336,2025-04-17 09:49:35.763356,NA,olive olive,11,NA,GX061867-00.03.22.102 and GX061867-00.03.22.127 
1744879777.96447,2025-04-17 09:49:37.964468,empty,empty,14,black cheeks so 14?,GX061867-00.03.24.654
1744879826.2513,2025-04-17 09:50:26.251304,turquoise,black,51,comes back at first time stamp but shows tags better than second time,GX061867-00.03.54.793 and GX061867-00.04.08.039
1744879835.53077,2025-04-17 09:50:35.530766,navy,navy,45,NA,GX061867-00.04.22.204
1744879865.54549,2025-04-17 09:51:05.54549,NA,NA,NA,empty empty? 14 Blurry photo,GX061867-00.04.52.234
1744879889.18408,2025-04-17 09:51:29.184075,navy,navy,45,NA,GX061867-00.04.53.101
1744879958.08711,2025-04-17 09:52:38.087114,olive,NA,4,NA,GX061867-00.05.55.055
1744880072.61824,2025-04-17 09:54:32.61824,empty,empty,NA,14?,GX061867-00.08.17.255
1744880145.8017,2025-04-17 09:55:45.801703,lilac,NA,28,NA,GX071867-00.01.37.214
1744880486.7438,2025-04-17 10:01:26.743797,empty,empty,14,black cheeks so 14?,GX071867-00.07.26.630
1744880688.48128,2025-04-17 10:04:48.481284,NA,NA,NA,left empty cant see right – male,GX081867-00.01.36.747
1744881253.04448,2025-04-17 10:14:13.044485,NA,NA,NA,timing is off but it’s the only bird I could see that went through,GX091867-00.02.18.981
1744881521.15347,2025-04-17 10:18:41.153469,brown,NA,33,NA,GX091867-00.07.51.196
1744881682.49951,2025-04-17 10:21:22.499514,NA,NA,NA,Right turquoise can’t see left or left purple can’t see right ,GX101867-00.00.57.282 or GX101867-00.00.58.467
1744882114.80714,2025-04-17 10:28:34.807143,lilac,NA,28,NA,GX101867-00.08.11.082
1744882259.64486,2025-04-17 10:30:59.644855,NA,NA,NA,1st bird photo blurry 2nd bird empty empty black cheeks 14? 3rd bird navy navy 45,GX111867-00.02.01.463 or GX111867-00.02.08.028 or GX111867-00.02.08.829
1744882602.32774,2025-04-17 10:36:42.327738,empty,empty,14,black cheeks so 14?,GX111867-00.07.46.124
1744882732.13769,2025-04-17 10:38:52.137694,NA,blue,2,has black cheeks so 2?,GX121867-00.01.22.641
1744882781.65806,2025-04-17 10:39:41.658055,NA,NA,NA,too blurry,GX121867-00.02.08.537
1744882844.75707,2025-04-17 10:40:44.757074,NA,NA,NA,can’t see ,GX121867-00.02.10.497 or GX121867-00.02.13.492
1744882940.77073,2025-04-17 10:42:20.770733,lilac,lime,22,NA,GX121867-00.04.52.584
1744883682.35357,2025-04-17 10:54:42.35357,NA,NA,NA,1st bird navy navy = 45 2nd bird empty empty black cheeks so 14?,GX141867-00.00.05.447 or GX141867-00.00.07.683
1744883830.76952,2025-04-17 10:57:10.76952,NA,NA,NA,lots of birds from 2.20 - difficult to tell what’s going on,NA
1744883901.90466,2025-04-17 10:58:21.904663,NA,blue,2,Male – black cheeks,GX141867-00.03.47.352
1744883984.56461,2025-04-17 10:59:44.564606,NA,NA,NA,can’t see. Also bird at 4.43 and 2 at 4.54,GX141867-00.05.31.731
1744884063.13165,2025-04-17 11:01:03.131647,NA,NA,NA,birds at 6.25  6.26  6.27 6.30 hard to tell what’s going on  ,NA
1744884088.48212,2025-04-17 11:01:28.482119,NA,NA,NA,photos are same bird – can’t see legs, GX141867-00.06.53.480 and GX141867-00.06.53.655 and GX141867-00.06.53.763
1744884403.02919,2025-04-17 11:06:43.029193,NA,NA,NA,Can’t see left leg right leg – lime/yellow ,GX151867-00.04.26.975
1744884630.01129,2025-04-17 11:10:30.011286,NA,NA,NA,1st bird can’t see left leg right empty 2nd bird empty empty ,GX151867-00.07.21.266 or GX151867-00.07.23.793 and (to help with ID) GX151867-00.07.23.426
1744884655.24287,2025-04-17 11:10:55.242872,lime,blue,52,1st bird can’t see left leg right empty 2nd bird left lime right blue = 52 ,GX151867-00.08.15.395 or GX151867-00.08.19.190 
1744884841.01317,2025-04-17 11:14:01.013166,brown,light pink,43,NA,GX161867-00.02.18.063
1744884847.92729,2025-04-17 11:14:07.927287,purple,turquoise,58,NA,GX161867-00.02.26.797
1744884868.49036,2025-04-17 11:14:28.490361,empty,empty,NA,NA,GX161867-00.02.49.611 and GX161867-00.02.49.695
1744884887.97195,2025-04-17 11:14:47.971947,navy,navy,45,NA,GX161867-00.03.09.489
1744885113.27531,2025-04-17 11:18:33.275312,NA,NA,NA,photo blurry,GX161867-00.06.54.931
1744885274.97198,2025-04-17 11:21:14.971977,NA,NA,NA,can’t see ,GX171867-00.01.04.222
1744885299.4646,2025-04-17 11:21:39.464603,NA,blue,2,NA,GX171867-00.01.25.875
1744885390.08498,2025-04-17 11:23:10.084979,NA,NA,NA,blurry photo ,GX171867-00.02.59.371
1744885436.10492,2025-04-17 11:23:56.104915,NA,NA,NA,blurry photo right leg tagged,GX171867-00.03.45.392
1744885543.39783,2025-04-17 11:25:43.397827,turquoise,black,51,multiple photos of same bird to id tags,GX171867-00.05.14.556 and GX171867-00.05.16.233
1744885643.7381,2025-04-17 11:27:23.738099,NA,NA,NA,1st bird empty empty Black cheeks = 14? 2nd bird navy navy = 45,GX171867-00.07.10.805 or GX171867-00.07.12.724
1744885726.50444,2025-04-17 11:28:46.50444,NA,NA,NA,photo blurry,GX171867-00.08.31.619
1744886061.1782,2025-04-17 11:34:21.178201,navy,navy,45,NA,GX181867-00.05.55.372
1744886118.1198,2025-04-17 11:35:18.119797,NA,brown,35,NA,GX181867-00.06.34.160
1744886819.19181,2025-04-17 11:46:59.191814,lilac,lime,22,NA,GX201867-00.01.10.921
1744886888.19334,2025-04-17 11:48:08.193343,lilac,lime,22,NA,GX201867-00.02.19.906
1744887031.70151,2025-04-17 11:50:31.70151,NA,NA,NA,no bird at this time stamp,NA
1744887520.54421,2025-04-17 11:58:40.544212,navy,black,50,NA,GX211867-00.04.18.708
1744887819.33807,2025-04-17 12:03:39.338065,NA,NA,NA,1st bird empty empty Black cheeks = 14? or 2nd bird navy navy = 45,GX221867-00.01.31.658 or GX221867-00.01.33.485 
1744888441.32801,2025-04-17 12:14:01.328006,brown,NA,33,photo is a bit blurry,GX231867-00.02.34.379
1744888613.8363,2025-04-17 12:16:53.836301,NA,NA,NA,a lot of birds 5.02  5.03  5.16 5.25  5.28  6.02  6.03,NA
1744889402.68536,2025-04-17 12:30:02.685361,purple,navy,46,NA,GX251867-00.01.25.352
1744889671.3132,2025-04-17 12:34:31.313195,NA,NA,NA,1st bird left brown right empty = 33 2nd bird (white one in photo) left lime right blue = 52,GX251867-00.05.59.534 or GX251867-00.06.34.761
1744889791.68515,2025-04-17 12:36:31.685145,NA,NA,NA,can’t see ,GX251867-00.07.46.174
1744890293.18201,2025-04-17 12:44:53.182009,turquoise,black,51,NA,GX261867-00.07.46.641
1744890937.15314,2025-04-17 12:55:37.153141,empty,empty,NA,??,GX281867-00.01.26.862 or same bird at GX281867-00.02.08.979
1744891120.07236,2025-04-17 12:58:40.072361,NA,NA,NA,can’t see feet for 1st two birds 3rd looks empty empty 4th left purple right turquoise = 58,GX281867-00.04.26.550 or GX281867-00.04.28.185 or GX281867-00.04.31.087 or GX281867-00.04.44.142 
1745311229.99403,2025-04-22 09:40:29.994028,NA,lilac,1,NA,GX011868-00.05.05.388
1745311487.59845,2025-04-22 09:44:47.598454,NA,NA,NA,can’t see feet,GX021868-00.00.51.818
1745311488.91596,2025-04-22 09:44:48.915963,NA,NA,NA,Left Brown can’t see right,GX021868-00.00.52.269
1745311939.62477,2025-04-22 09:52:19.624773,NA,NA,NA,1st bird left purple can’t see right 2nd bird left purple right orange = 53,GX021868-00.08.18.223 or  GX021868-00.08.20.283
1745312178.85316,2025-04-22 09:56:18.853156,NA,NA,NA,two go through at same time 1st photo left empty right blue/turquoise 2nd photo left empty right brown = 35,GX031868-00.03.47.227  or  GX031868-00.03.47.294
1745313088.47511,2025-04-22 10:11:28.475106,NA,NA,NA,can’t see feet – see also note in 10.11:54,GX051868-00.01.41.335
1745313091.81956,2025-04-22 10:11:31.819558,NA,NA,NA,left tag pink/light pink can’t see right leg,GX051868-00.01.46.531
1745313114.76456,2025-04-22 10:11:54.764557,olive,NA,4,there are also birds going through at 1.49  1.52  1.53,GX051868-00.01.48.600
1745313201.28807,2025-04-22 10:13:21.288075,NA,NA,NA,birds go through at 3.39  3.47  3.48  3.54 ,NA
1745313421.43295,2025-04-22 10:17:01.432946,NA,NA,NA,1st bird blurry photo 2nd bird right pink/light pink = 17 or 37,GX051868-00.07.27.564  or GX051868-00.07.28.248
1745313499.28979,2025-04-22 10:18:19.289789,NA,NA,NA,male right leg grey tag can’t see left leg Could be 7  16  57,GX061868-00.00.14.823
1745313502.39456,2025-04-22 10:18:22.394558,NA,NA,NA,blurry photo ,GX061868-00.00.16.341
1745313581.86021,2025-04-22 10:19:41.860206,NA,NA,NA,1st bird male right leg lilac = 1 2nd bird can’t see legs,GX061868-00.01.29.915 or GX061868-00.01.30.899
1745313858.00184,2025-04-22 10:24:18.001843,NA,lime,NA,cant see left leg but male so 22 or 40 ,GX061868-00.06.02.854
1745314720.6407,2025-04-22 10:38:40.640695,light pink,lime,42,NA,GX081868-00.03.26.098
1745314725.09016,2025-04-22 10:38:45.090157,NA,black black,10,NA,GX081868-00.03.31.136
1745314733.62496,2025-04-22 10:38:53.624959,NA,NA,NA,Male left blue/navy can’t see right,GX081868-00.03.32.362
1745314738.44738,2025-04-22 10:38:58.447381,NA,brown,35,NA,GX081868-00.03.36.516
1745314798.4165,2025-04-22 10:39:58.416498,lilac,NA,28,NA,GX081868-00.04.48.563
1745314957.79589,2025-04-22 10:42:37.795886,NA,NA,NA,1st bird can’t see 2nd bird left turquoise right lime = 40 ,GX081868-00.07.23.535 or GX081868-00.07.24.636
1745314971.48244,2025-04-22 10:42:51.482441,NA,NA,NA,1st bird female left empty right blue or turquoise = 8 or 34 2nd bird on right of photo can’t see legs but I think goes through first,GX081868-00.07.38.416 or GX081868-00.07.39.267
1745314996.96041,2025-04-22 10:43:16.960414,NA,NA,NA,1st bird has two left orange tags which isn’t ID sheet and right turquoise/blue 2nd bird can’t see legs,GX081868-00.08.06.886 or GX081868-00.08.08.838 
1745315590.73152,2025-04-22 10:53:10.731518,NA,NA,NA,left tag looks grey but no match on ID. Possibly lilac = 1 There are a lot of birds milling around at this time slot,GX101868-00.00.57.774
1745315671.93027,2025-04-22 10:54:31.930274,NA,NA,NA,left tag looks grey but no match on ID,GX101868-00.02.08.845
1745316116.82995,2025-04-22 11:01:56.829951,NA,NA,NA,can’t see left leg right brown There were a lot of birds going back and forth around this time stamp so difficult to tell which actually went through,GX111868-00.01.33.260
1745316360.96246,2025-04-22 11:06:00.962462,purple,brown,48,a lot of other birds around 5.09 – difficult to work out who went through,GX111868-00.05.07.007
1745316364.01794,2025-04-22 11:06:04.01794,NA,NA,NA,a lot of birds around 5.07 5.09 5.10 but none nearer to 6.00,NA
1745317159.34387,2025-04-22 11:19:19.343868,NA,NA,NA,can’t see left leg right purple/blue,GX131868-00.01.16.643
1745317453.81025,2025-04-22 11:24:13.810253,NA,NA,NA,Can’t see left leg Right lime,GX131868-00.06.44.129
1745317479.24055,2025-04-22 11:24:39.240551,lilac,lime,22,NA,GX131868-00.06.44.938
1745317487.04731,2025-04-22 11:24:47.047307,turquoise,black,51,NA,GX131868-00.06.46.298
1745317492.5591,2025-04-22 11:24:52.559097,NA,NA,NA,can’t see ,GX131868-00.06.53.079
1745317826.14631,2025-04-22 11:30:26.146314,NA,NA,NA,can’t see both male,GX141868-00.03.59.639 or GX141868-00.04.11.001
1745317942.61205,2025-04-22 11:32:22.612049,yellow,NA,24,NA,GX141868-00.05.56.468
1745318217.16763,2025-04-22 11:36:57.167629,purple,NA,36,NA,GX151868-00.02.09.287
1745318223.17358,2025-04-22 11:37:03.17358,NA,NA,NA,left yellow/orange right white – doesn’t exist in ID ,GX151868-00.03.24.996
1745318225.62669,2025-04-22 11:37:05.626685,NA,NA,NA,1st bird can’t see 2nd left empty right blue = 2,GX151868-00.03.34.489 or GX151868-00.03.40.087
1745321151.61564,2025-04-22 12:25:51.615642,purple,orange,53,lots of birds around this time slot,GX201868-00.08.04.534
1745321544.24055,2025-04-22 12:32:24.240545,lime,blue,52,NA,GX211868-00.06.08.310
1745322209.79121,2025-04-22 12:43:29.791212,NA,blue,2,NA,GX221868-00.08.28.767
1745322358.17383,2025-04-22 12:45:58.173829,light pink,lime,42,NA,GX231868-00.02.34.329
1745322362.00363,2025-04-22 12:46:02.003633,NA,black black,10,NA,GX231868-00.02.38.283
1745324989.82526,2025-04-22 13:29:49.825261,light pink,orange,54,NA,GX281868-00.04.25.515  
1745325027.35925,2025-04-22 13:30:27.35925,NA,NA,NA,no bird at this time stamp,NA
1745325597.33056,2025-04-22 13:39:57.330563,yellow,NA,24,NA,GX291868-00.04.57.097  
1745325603.17351,2025-04-22 13:40:03.173513,NA,NA,NA,Right turquoise/blue = (2) 8 or 34?,GX291868-00.04.58.690
1745326092.71221,2025-04-22 13:48:12.712207,lime,blue,52,NA,GX301868-00.05.01.042
1745326329.40102,2025-04-22 13:52:09.40102,NA,NA,NA,1st can’t see 2nd empty empty male I think 2dn overtakes 1st in tunnel,GX311868-00.01.01.191 or GX311868-00.01.01.303
1745326359.02048,2025-04-22 13:52:39.020481,purple,brown,48,NA,GX311868-00.01.07.701
1745326365.41652,2025-04-22 13:52:45.416518,navy,navy,45,NA,GX311868-00.01.27.179
1745326383.74306,2025-04-22 13:53:03.743063,NA,NA,NA,no bird at this time stamp,NA
1745326815.53209,2025-04-22 14:00:15.532094,NA,blue,2,NA,GX311868-00.07.45.106
1745326885.3323,2025-04-22 14:01:25.332298,navy,navy,45,NA,GX321868-00.01.16.118
1745326951.2356,2025-04-22 14:02:31.235601,purple,turquoise,58,NA,GX321868-00.02.15.961
1745327029.2456,2025-04-22 14:03:49.245595,purple,NA,36,NA,GX321868-00.03.43.131
1745327039.40408,2025-04-22 14:03:59.404083,lime,blue,52,NA,GX321868-00.03.48.445
1745327765.01231,2025-04-22 14:16:05.012305,empty,empty,3,NA,GX331868-00.07.17.991
1745327792.42604,2025-04-22 14:16:32.426041,NA,NA,NA,can’t see legs ,GX331868-00.07.19.264
1745328521.12324,2025-04-22 14:28:41.12324,NA,NA,NA,blurry photo ,GX351868-00.03.36.408
1745328563.61828,2025-04-22 14:29:23.61828,NA,NA,NA,no bird at this time stamp,NA
1745328798.55298,2025-04-22 14:33:18.552981,NA,turquoise,34,Goes 7.25/26 but this is a better photo of legs,GX351868-00.07.03.682
1745329064.14659,2025-04-22 14:37:44.146586,NA,NA,NA,left tag not sure of colour right empty male,GX361868-00.03.23.737
1745329088.26045,2025-04-22 14:38:08.260449,empty,empty,20,I think this is a cfw male!,GX361868-00.03.45.041
1745329373.99961,2025-04-22 14:42:53.99961,blue,grey,16,NA,GX361868-00.08.29.225
1745330995.15182,2025-04-22 15:09:55.151819,NA,NA,NA,left purple can’t see right,GX401868-00.01.41.535
1745331001.47972,2025-04-22 15:10:01.479718,NA,black black,10,see note below,GX401868-00.02.03.398
1745331006.44949,2025-04-22 15:10:06.449495,NA,NA,NA,10 and the 2 other birds in this photo go through at the same time,GX401868-00.02.04.641
1745331081.34421,2025-04-22 15:11:21.34421,purple,brown,53,NA,GX401868-00.02.37.132
1745331108.54599,2025-04-22 15:11:48.545985,light pink,NA,15,NA,GX401868-00.03.04.393
1745331110.99929,2025-04-22 15:11:50.999286,NA,lilac,1,NA,GX401868-00.03.20.575
1745332632.46551,2025-04-22 15:37:12.46551,NA,NA,NA,left turquoise/blue can’t see right,GX431868-00.02.57.894
1745332639.89003,2025-04-22 15:37:19.890028,NA,blue,2,NA,GX431868-00.03.03.959
1745404462.81102,2025-04-23 11:34:22.811021,lilac,lime,22,,GX021869-00.04.26.283
1745405683.42856,2025-04-23 11:54:43.428561,navy,navy,45,NA,GX021869-00.04.26.283
1745410262.12408,2025-04-23 13:11:02.124076,navy,black,50,NA,GX131869-00.07.06.409
1745410497.9784,2025-04-23 13:14:57.978399,purple,navy,46,NA,GX141869-00.02.59.563
1745410565.12081,2025-04-23 13:16:05.120805,purple,navy,46,NA,GX141869-00.03.37.642
1745410696.54875,2025-04-23 13:18:16.548752,empty,empty,3,,GX141869-00.05.45.312
1745410867.27698,2025-04-23 13:21:07.276975,NA,NA,NA,can’t see ,GX151869-00.00.42.492
1745411059.16526,2025-04-23 13:24:19.165259,NA,lilac,1,,GX151869-00.03.16.296
1745411126.9497,2025-04-23 13:25:26.949697,NA,NA,NA,Male left turquoise/blue can’t see right,GX151869-00.04.23.663
1745411167.49928,2025-04-23 13:26:07.499281,NA,NA,NA,can’t see ,GX151869-00.05.24.132
1745411186.11069,2025-04-23 13:26:26.110694,NA,blue,2,NA,GX151869-00.06.38.648
1745411259.24623,2025-04-23 13:27:39.246226,NA,NA,NA,no bird at this time stamp,NA
1745411330.26957,2025-04-23 13:28:50.269566,green,green,29,NA,GX151869-00.07.51.646
1745411344.17149,2025-04-23 13:29:04.171486,empty,empty,20,NA,GX151869-00.08.03.550
1745411352.69108,2025-04-23 13:29:12.691081,white,NA,25,NA,GX151869-00.08.06.294
1745411373.45856,2025-04-23 13:29:33.458557,NA,NA,NA,can’t see ,GX151869-00.08.11.750
1745411377.56336,2025-04-23 13:29:37.563363,empty,empty,14,NA,GX161869-00.00.02.302
1745411728.35651,2025-04-23 13:35:28.356507,NA,NA,NA,can’t see ,GX161869-00.05.39.631
1745412186.41711,2025-04-23 13:43:06.41711,brown,NA,33,NA,GX171869-00.05.02.486
1745412458.65917,2025-04-23 13:47:38.659174,light pink,lime,42,same bird – different legs,GX181869-00.00.59.534 and GX181869-00.01.03.622
1745412462.22637,2025-04-23 13:47:42.226373,olive,NA,4,NA,GX181869-00.01.06.683
1745412464.77899,2025-04-23 13:47:44.778988,empty,empty,12,NA,GX181869-00.01.51.211
1745413061.94411,2025-04-23 13:57:41.944114,brown,brown,47,NA,GX191869-00.02.30.167
1745413063.58846,2025-04-23 13:57:43.588456,NA,NA,NA,can’t see ,GX191869-00.02.31.284
1745413094.75277,2025-04-23 13:58:14.752765,NA,NA,NA,can’t see ,GX191869-00.03.04.393
1745414004.04169,2025-04-23 14:13:24.041689,yellow,NA,24,flies through ahead of birds in next row that go through together,GX211869-00.01.07.809
1745414019.99294,2025-04-23 14:13:39.99294,NA,NA,NA,bird in 1st photo is bird on left in 2nd photo left empty right grey = 7 but I think legless bird on right overtakes him in the tunnel!,GX211869-00.01.03.589 and GX211869-00.01.05.032
1745414025.16507,2025-04-23 14:13:45.165065,empty,empty,14,NA,GX211869-00.01.23.483
1745414142.92925,2025-04-23 14:15:42.929248,NA,NA,NA,can’t see ,GX211869-00.03.30.127
1745414212.7625,2025-04-23 14:16:52.762498,NA,NA,NA,can’t see ,GX211869-00.04.40.238
1745414224.93848,2025-04-23 14:17:04.93848,lilac,lime,22,NA,GX211869-00.04.52.267
1745414369.08495,2025-04-23 14:19:29.084952,NA,NA,NA,can’t see ,GX211869-00.07.14.017
1745414883.61651,2025-04-23 14:28:03.616513,purple,turquoise,58,NA,GX221869-00.07.11.640
1745414910.37132,2025-04-23 14:28:30.371319,NA,light pink,37,NA,GX221869-00.07.37.173
1745414987.04149,2025-04-23 14:29:47.041487,blue,grey,16,NA,GX231869-00.00.26.360
1745414989.45673,2025-04-23 14:29:49.45673,lime,blue,52,NA,GX231869-00.00.29.680
1745414999.08047,2025-04-23 14:29:59.080467,NA,brown,33,NA,GX231869-00.00.34.234
1745415015.47362,2025-04-23 14:30:15.473618,orange orange ,blue/turquoise,NA,Male – black cheeks,GX231869-00.00.55.948
1745415067.34722,2025-04-23 14:31:07.347221,brown,NA,33,NA,GX231869-00.01.48.392
1745415152.47082,2025-04-23 14:32:32.470824,NA,pink/light pink,NA,Male – not on ID sheet,GX231869-00.03.12.426
1745415347.60228,2025-04-23 14:35:47.602283,NA,NA,NA,no bird at this time stamp,NA
1745415448.65624,2025-04-23 14:37:28.656241,empty,empty,20,NA,GX231869-00.08.09.130
1745415943.02685,2025-04-23 14:45:43.026853,blue,grey,16,NA,GX241869-00.07.34.079
1745415950.31406,2025-04-23 14:45:50.31406,NA,NA,NA,right lime/yellow can’t see left,GX241869-00.07.49.160
1745415957.39296,2025-04-23 14:45:57.392959,NA,NA,NA,not sure about timings 1st left leg green male can’t see right 2nd left lime/yellow male can’t see right,GX241869-00.07.51.521 or  GX241869-00.08.04.526
1745416236.19103,2025-04-23 14:50:36.191034,NA,NA,NA,grey right tag can’t see left,GX251869-00.04.11.693
1745416239.31872,2025-04-23 14:50:39.318723,navy,navy,45,NA,GX251869-00.04.13.220
1745416279.87634,2025-04-23 14:51:19.876336,purple,navy,46,NA,GX251869-00.04.52.359
1745416915.30082,2025-04-23 15:01:55.300818,lilac,lime,22,NA,GX261869-00.06.51.202
1745416940.57929,2025-04-23 15:02:20.57929,NA,NA,NA,blurry photo ,GX261869-00.06.53.989
1745417226.47659,2025-04-23 15:07:06.476591,empty,empty,14,,GX271869-00.04.09.324
1745417261.52405,2025-04-23 15:07:41.524052,NA,NA,NA,can’t see feet,GX271869-00.04.44.676 or  GX271869-00.04.57.289
1745417328.99114,2025-04-23 15:08:48.991137,white,NA,25,,GX271869-00.05.12.362
1745418030.69462,2025-04-23 15:20:30.694621,brown,NA,33,NA,GX281869-00.08.25.697
1745418413.80733,2025-04-23 15:26:53.807331,NA,black black,10,NA,GX291869-00.06.16.610
1745418835.20253,2025-04-23 15:33:55.202525,brown,brown,47,NA,GX301869-00.04.41.256
1745418937.47272,2025-04-23 15:35:37.472723,NA,purple,31,NA,GX301869-00.06.29.831
1745419232.75054,2025-04-23 15:40:32.75054,turquoise,lime,40,NA,GX311869-00.02.48.518
1745419236.11278,2025-04-23 15:40:36.112784,NA,black black,10,,GX311869-00.02.55.000
1745419299.88925,2025-04-23 15:41:39.889252,light pink,orange,54,NA,GX311869-00.03.57.579
1745419445.30678,2025-04-23 15:44:05.306782,NA,NA,,blurry photo ,GX311869-00.06.23.074
1745419471.31748,2025-04-23 15:44:31.317476,brown,NA,33,NA,GX311869-00.06.53.163
1745419595.96756,2025-04-23 15:46:35.967561,NA,grey,7,NA,GX311869-00.08.01.614
1745419597.9869,2025-04-23 15:46:37.986898,olive,NA,4,NA,GX311869-00.08.31.353
1745419622.35702,2025-04-23 15:47:02.357023,NA,purple,31,NA,GX321869-00.00.49.791
1745419637.56582,2025-04-23 15:47:17.565818,navy,navy,45,NA,GX321869-00.01.07.276
1745419858.94241,2025-04-23 15:50:58.942414,lime,blue,52,NA,GX321869-00.04.45.827
1745420806.03678,2025-04-23 16:06:46.036784,NA,NA,NA,left purple can’t see right,GX341869-00.03.24.112
1745421077.92815,2025-04-23 16:11:17.928149,NA,NA,NA,can’t see feet,GX341869-00.07.58.011
1745421396.97676,2025-04-23 16:16:36.976759,NA,turquoise,34,34 is wt female – bird in photo looks wt male?,GX351869-00.04.40.480
1745421731.16452,2025-04-23 16:22:11.164524,turquoise,navy,49,NA,GX361869-00.00.46.446
1745421828.25486,2025-04-23 16:23:48.25486,NA,NA,NA,can’t see feet,GX361869-00.02.40.143
1745421853.50283,2025-04-23 16:24:13.502827,NA,purple,31,NA,GX361869-00.03.19.350
1745422857.77676,2025-04-23 16:40:57.776758,lime,blue,52,NA,GX381869-00.03.38.385
1745423296.33011,2025-04-23 16:48:16.330106,NA,brown,35,NA,GX391869-00.03.28.850
1745423380.77945,2025-04-23 16:49:40.77945,NA,black,NA,male wt cant see left leg 19  50 or 51,GX391869-00.03.36.767
1745423383.32138,2025-04-23 16:49:43.321378,turquoise,grey,55,NA,GX391869-00.04.38.420
1745423789.78897,2025-04-23 16:56:29.788966,white,NA,9,goes a bit later but this is better photo of legs,GX401869-00.01.32.484
1745424088.17505,2025-04-23 17:01:28.175051,empty,empty,20,NA,GX401869-00.06.52.187
1745424099.54545,2025-04-23 17:01:39.545452,NA,NA,NA,can’t see feet ,GX401869-00.07.07.552
1745424171.42425,2025-04-23 17:02:51.424254,lime,blue,52,NA,GX401869-00.08.16.388
1745424355.65946,2025-04-23 17:05:55.659462,light pink,orange,54,NA,GX411869-00.02.49.186
1745424369.00656,2025-04-23 17:06:09.006561,NA,purple,31,NA,GX411869-00.03.04.217
1745424617.8675,2025-04-23 17:10:17.867503,NA,lilac,1,NA,GX411869-00.07.13.900
1745424762.03514,2025-04-23 17:12:42.035141,empty,empty,20,NA,GX421869-00.01.02.713
1745424771.95579,2025-04-23 17:12:51.955785,lilac,lime,22,NA,GX421869-00.01.09.553
1745424776.5618,2025-04-23 17:12:56.561797,navy ,black,50,NA,GX421869-00.01.20.047
1745424810.16458,2025-04-23 17:13:30.164576,NA,NA,NA,Male Can’t see left tag right lime = 22 or 40,GX421869-00.01.50.627
1745424888.29704,2025-04-23 17:14:48.297041,purple,navy,46,NA,GX421869-00.03.06.378
1745498271.38204,2025-04-24 13:37:51.382036,olive,NA,4,NA,GX021870-00.05.31.848
1745498273.88797,2025-04-24 13:37:53.887973,NA,purple,31,NA,GX021870-00.05.33.875
1745498668.47043,2025-04-24 13:44:28.470429,NA,NA,20,NA,GX031870-00.03.39.970
1745498742.70088,2025-04-24 13:45:42.700883,turquoise,NA,44,NA,GX031870-00.04.52.192
1745498771.07747,2025-04-24 13:46:11.077468,brown,NA,33,NA,GX031870-00.06.04.030
1745498887.53886,2025-04-24 13:48:07.538855,NA,NA,4,NA,GX031870-00.07.14.417
1745498917.76979,2025-04-24 13:48:37.769786,NA,NA,20,NA,GX031870-00.07.53.531
1745499027.07838,2025-04-24 13:50:27.078379,turquoise,lime,40,NA,GX041870-00.01.08.135
1745499213.68017,2025-04-24 13:53:33.680167,NA,NA,20,NA,GX041870-00.04.14.012
1745499331.04778,2025-04-24 13:55:31.047778,NA,NA,NA,? cannot see right leg. 20 or 31 or 10,GX041870-00.06.15.517
1745500243.89079,2025-04-24 14:10:43.890788,NA,NA,20,NA,GX061870-00.04.14.696
1745500274.11778,2025-04-24 14:11:14.117775,NA,NA,20,NA,GX061870-00.04.51.057
1745500392.21466,2025-04-24 14:13:12.214655,NA,lilac,1,NA,GX061870-00.06.48.808
1745500424.029,2025-04-24 14:13:44.028997,NA,NA,3,NA,GX061870-00.07.19.080
1745500454.68901,2025-04-24 14:14:14.689007,white,NA,25,NA,GX071870-00.00.06.106
1745500698.36001,2025-04-24 14:18:18.360009,NA,grey,7,NA,GX071870-00.03.22.060
1745500836.92936,2025-04-24 14:20:36.929356,yellow,white,NA,? cannot find on id sheet,GX071870-00.06.35.929
1745501060.2246,2025-04-24 14:24:20.224598,NA,NA,NA,"? 23 or 26 (both same rings, sex and phenotype)",GX081870-00.00.46.280
1745501363.65332,2025-04-24 14:29:23.653319,NA,lilac,1,NA,GX081870-00.05.55.030
1745501376.14799,2025-04-24 14:29:36.147987,NA,grey,NA,? cannot see left leg. 7 or 57,GX081870-00.06.05.991
1745501488.43654,2025-04-24 14:31:28.436543,NA,turquoise,59,NA,GX081870-00.07.54.824
1745501517.69946,2025-04-24 14:31:57.699457,orange,blue,NA,? cannot see on id chart – black cheek ,GX081870-00.08.27.932
1745501520.81047,2025-04-24 14:32:00.81047,green,NA,NA,? cannot see on id sheet,GX091870-00.01.28.830
1745502727.06487,2025-04-24 14:52:07.064867,NA,lilac,1,NA,GX111870-00.02.57.552
1745502739.5508,2025-04-24 14:52:19.5508,NA,NA,12,NA,GX111870-00.03.06.002
1745502786.63795,2025-04-24 14:53:06.637947,NA,lilac,1,NA,GX111870-00.04.02.134
1745502816.04347,2025-04-24 14:53:36.043468,brown,orange,56,NA,GX111870-00.04.28.869
1745502834.28772,2025-04-24 14:53:54.287719,NA,black,NA,"? could be black black. Cannot see left leg. Male WT. 10, 19, 50, 51",GX111870-00.04.47.612
1745503015.15357,2025-04-24 14:56:55.153569,brown,NA,33,NA,GX111870-00.07.49.494
1745503268.28813,2025-04-24 15:01:08.288125,lilac,lime,22,NA,GX121870-00.03.28.959
1745503637.05084,2025-04-24 15:07:17.050839,turquoise,black,51,NA,GX131870-00.00.57.599
1745503997.27378,2025-04-24 15:13:17.273776,empty,empty,NA,not sure of ID,GX131870-00.08.13.560
1745505197.43725,2025-04-24 15:33:17.437254,white,NA,25,NA,GX161870-00.04.32.531
1745505381.09294,2025-04-24 15:36:21.092942,NA,NA,NA,can’t see legs ,GX161870-00.06.46.823
1745505524.95453,2025-04-24 15:38:44.954526,NA,NA,NA,NA,
1745505908.13617,2025-04-24 15:45:08.136169,turquoise,lime,40,NA,GX171870-00.04.47.195
1745505910.66832,2025-04-24 15:45:10.668324,white,NA,9,NA,GX171870-00.04.50.290
1745505990.61499,2025-04-24 15:46:30.614991,empty,empty,14,Tags need checking has black cheeks ,GX171870-00.06.06.958 and GX171870-00.06.07.559
1745506105.03385,2025-04-24 15:48:25.033849,lilac,NA,NA,23 or 26 There are two left tag lilac right empty fawn birds!,GX081870-00.00.46.271
1745506348.45502,2025-04-24 15:52:28.455024,NA,NA,NA,NA,NA
1745506398.24584,2025-04-24 15:53:18.24584,NA,NA,NA,NA,NA
1745506587.2221,2025-04-24 15:56:27.222095,NA,NA,NA,NA,NA
1745506870.95324,2025-04-24 16:01:10.953235,NA,NA,NA,NA,NA
1745507354.70424,2025-04-24 16:09:14.704239,NA,NA,NA,NA,NA
1745508378.38277,2025-04-24 16:26:18.382771,NA,NA,NA,NA,NA
1745508381.57165,2025-04-24 16:26:21.57165,NA,NA,NA,NA,NA
1745508936.9797,2025-04-24 16:35:36.9797,NA,NA,NA,NA,NA
1745508951.72657,2025-04-24 16:35:51.726573,NA,NA,NA,NA,NA
1745509085.51856,2025-04-24 16:38:05.518563,NA,NA,NA,NA,NA
1745509400.89856,2025-04-24 16:43:20.898562,NA,NA,NA,NA,NA
1745511408.63755,2025-04-24 17:16:48.637554,NA,NA,NA,NA,NA
1745511556.98999,2025-04-24 17:19:16.989987,NA,NA,NA,NA,NA
1745511585.33616,2025-04-24 17:19:45.336161,NA,NA,NA,NA,NA
1745573477.72359,2025-04-25 10:31:17.723592,NA,NA,NA,"? unsure what type/gender 3, 20, 12, 14",GX011871-00.05.02.127
1745574010.01418,2025-04-25 10:40:10.014177,NA,turquoise,NA,?cannot see left leg,GX021871-00.07.06.810
1745574125.58322,2025-04-25 10:42:05.583218,NA,blue,NA,?cannot see left leg clearly ,GX021871-00.08.07.804
1745574182.21941,2025-04-25 10:43:02.219411,NA,NA,NA,NA,NA
1745574322.14483,2025-04-25 10:45:22.144826,brown,lime,NA,39,GX031871-00.02.00.045
1745574325.57064,2025-04-25 10:45:25.570635,NA,lime,NA,"?cannot see left foot. WT male 22, 40",GX031871-00.02.02.130
1745574775.6449,2025-04-25 10:52:55.6449,brown,lime,39,NA,GX041871-00.00.55.856
1745574780.29944,2025-04-25 10:53:00.299441,NA,lilac,1,NA,GX041871-00.00.57.958
1745575008.89586,2025-04-25 10:56:48.895864,NA,NA,14,NA,GX041871-00.04.54.469
1745575361.17033,2025-04-25 11:02:41.170329,green,NA,NA,can’t identify on the ID sheet – doesn’t seem to have a right tag ,GX051871-00.02.11.615
1745575422.82952,2025-04-25 11:03:42.829518,lilac,NA,NA,22 or 28,GX051871-00.03.14.019
1745575436.71611,2025-04-25 11:03:56.716113,NA,NA,NA,"unsure what type/gender 3, 20, 12, 14",GX051871-00.03.27.816
1745575444.48556,2025-04-25 11:04:04.48556,NA,turquoise,NA,34,GX051871-00.03.36.933
1745575857.50339,2025-04-25 11:10:57.503387,NA,NA,NA,Video being weird,NA
1745575875.72534,2025-04-25 11:11:15.725344,NA,NA,NA,Video being weird,NA
1745576231.38693,2025-04-25 11:17:11.386927,NA,NA,NA,Video being weird,NA
1745576385.84878,2025-04-25 11:19:45.848777,NA,NA,NA,Can’t see legs clearly ,GX071871-00.02.09.921
1745576585.15007,2025-04-25 11:23:05.150066,NA,orange,54,can’t see the other leg but I think it is male?,GX071871-00.05.26.918
1745577177.51864,2025-04-25 11:32:57.518637,NA,lilac,1,A lot of birds going through – I’ve tried to match up timings as best as I could,GX081871-00.06.43.895
1745577207.87746,2025-04-25 11:33:27.87746,white,NA,25,ditto above,GX081871-00.07.13.433
1745577215.20726,2025-04-25 11:33:35.207256,NA,NA,NA,ditto above left orange/yellow right white/grey – doesn’t exist on ID sheet,GX081871-00.07.25.245
1745577242.20407,2025-04-25 11:34:02.204073,turquoise,lime,40,NA,GX081871-00.07.53.815
1745577304.50894,2025-04-25 11:35:04.508943,turquoise,lime,40,,GX091871-00.00.21.263
1745577345.87059,2025-04-25 11:35:45.870587,turquoise,lime,40,,GX091871-00.01.06.224
1745577639.4839,2025-04-25 11:40:39.483898,NA,NA,NA,can’t see legs ,GX091871-00.05.59.401
1745577734.00074,2025-04-25 11:42:14.000739,empty,empty,3,NA,GX091871-00.07.37.924
1745578033.28028,2025-04-25 11:47:13.280282,white,NA,9,NA,GX101871-00.03.57.771
1745578071.63247,2025-04-25 11:47:51.632466,turquoise,lime,40,NA,GX101871-00.04.01.433
1745578231.53289,2025-04-25 11:50:31.532889,empty,empty,3,NA,GX101871-00.07.23.735
1745578255.2324,2025-04-25 11:50:55.232403,NA,lilac,1,NA,GX101871-00.07.45.849
1745578308.92988,2025-04-25 11:51:48.929875,empty,empty,20,NA,GX111871-00.00.06.899
1745578320.25064,2025-04-25 11:52:00.25064,olive,NA,4,NA,GX111871-00.00.12.921
1745578328.37694,2025-04-25 11:52:08.376937,NA,purple,31,NA,GX111871-00.00.19.870
1745579568.74648,2025-04-25 12:12:48.746481,NA,purple,31,NA,GX111871-00.06.58.793
1745579724.48529,2025-04-25 12:15:24.485286,NA,NA,NA,bird on left eventually goes through can’t see legs,GX131871-00.06.26.861 and GX131871-00.06.29.005 
1745579978.26611,2025-04-25 12:19:38.266109,NA,NA,NA,can’t see legs ,GX141871-00.02.13.100
1745579989.47526,2025-04-25 12:19:49.475264,orange orange ,blue,NA,bc male no ID,GX141871-00.02.14.309
1745580214.2125,2025-04-25 12:23:34.212497,NA,grey,7,NA,GX141871-00.06.12.322
1745580406.38219,2025-04-25 12:26:46.382188,NA,NA,NA,can’t see feet,GX151871-00.00.52.519
1745581004.53507,2025-04-25 12:36:44.535067,lilac,NA,28,another bird walked through at the same time. This one flew,GX161871-00.02.19.831
1745581006.87834,2025-04-25 12:36:46.878343,lilac,NA,28,,GX161871-00.02.24.716
1745581284.02455,2025-04-25 12:41:24.024551,brown,brown,47,NA,GX161871-00.06.53.505
1745581292.3131,2025-04-25 12:41:32.3131,NA,brown,33,NA,GX161871-00.06.54.406
1745581295.56064,2025-04-25 12:41:35.560638,NA,,,can’t see feet wt male,GX161871-00.06.54.114 and GX161871-00.06.54.514 and GX161871-00.06.54.614 and GX161871-00.06.54.731  
1745581324.12394,2025-04-25 12:42:04.123938,empty,empty,14,NA,GX161871-00.07.08.244
1745581333.49435,2025-04-25 12:42:13.494347,NA,NA,NA,Not on ID sheet? left green? Right empty wt male,GX161871-00.07.09.788      
1745581431.60399,2025-04-25 12:43:51.603993,NA,blue,2,has bc,GX171871-00.01.42.903
1745581440.96501,2025-04-25 12:44:00.965007,NA,NA,NA,"can’t see left, right green",GX171871-00.01.43.812 and  GX171871-00.01.43.979
1745581480.6731,2025-04-25 12:44:40.673104,NA,NA,NA,can’t find this bird – the above two birds are the only ones till 3:46 which I think hops back and then goes at 4:02,NA
1745581628.06596,2025-04-25 12:47:08.065959,NA,NA,NA,Left? Right navy?,GX171871-00.04.57.823
1745581676.69868,2025-04-25 12:47:56.698676,NA,NA,NA,no bird at this time stamp,NA
1745581824.99942,2025-04-25 12:50:24.999419,empty,empty,20,NA,GX171871-00.07.26.538
1745585377.7113,2025-04-25 13:49:37.7113,light pink,lime,42,bird goes through at the very start of the next video but this photo is clearer,GX021872-00.08.32.379
1745585382.42628,2025-04-25 13:49:42.426284,brown,brown,47,Lots of birds go through from 00:04 to 00:43. It’s difficult to tell which ones actually ‘count’!,GX031872-00.00.05.544
1745585385.72693,2025-04-25 13:49:45.726928,white,NA,9,NA,GX031872-00.00.07.007 
1745585398.35367,2025-04-25 13:49:58.353665,NA,NA,NA,can’t see legs ,GX031872-00.00.10.619
1745585413.45059,2025-04-25 13:50:13.450586,NA,lilac,1,NA,GX031872-00.00.32.316
1745585789.76319,2025-04-25 13:56:29.763191,NA,NA,NA,can’t see left leg   right empty,GX031872-00.07.03.406
1745585875.67697,2025-04-25 13:57:55.676966,navy,navy,45,NA,GX031872-00.08.23.528
1745585965.64875,2025-04-25 13:59:25.648753,NA,NA,NA,can’t see leg Also bird at GX041872-00.01.28.672 ,GX041872-00.01.26.920
1745585968.41627,2025-04-25 13:59:28.416265,orange orange ,blue/turquoise,NA,No ID on sheet ,GX041872-00.01.32.192
1745586783.93946,2025-04-25 14:13:03.939458,NA,NA,NA,1st bird can’t see legs and is early 2nd bird is late - light pink orange 54 ,GX051872-00.06.22.474  or GX051872-00.08.00.555
1745586905.24188,2025-04-25 14:15:05.241882,NA,blue,2,NA,GX061872-00.00.01.752
1745587077.24157,2025-04-25 14:17:57.241574,lime,blue,52,NA,GX061872-00.01.35.988
1745587284.01588,2025-04-25 14:21:24.015879,NA,blue,8,NA,GX061872-00.06.06.333
1745587286.20854,2025-04-25 14:21:26.208538,white,NA,25,check tag colour,GX061872-00.06.14.966 and GX061872-00.06.15.000
1745587417.48466,2025-04-25 14:23:37.484655,NA,turquoise,34,NA,GX061872-00.08.16.788
1745587471.64712,2025-04-25 14:24:31.647117,NA,NA,NA,blurry photo – a lot of birds go through around this time stamp,GX071872-00.01.24.251
1745587482.44249,2025-04-25 14:24:42.442486,green,green,29,a lot of birds around this time stamp,GX071872-00.01.24.835
1745587681.77791,2025-04-25 14:28:01.777908,turquoise,navy,49,NA,GX071872-00.04.26.099
1745588126.57106,2025-04-25 14:35:26.571062,empty,empty,20,NA,GX081872-00.03.17.789
1745588175.34329,2025-04-25 14:36:15.343294,empty,empty,20,NA,GX081872-00.04.01.458
1745588210.65316,2025-04-25 14:36:50.653158,empty,empty,20,NA,GX081872-00.04.42.007
1745588241.60458,2025-04-25 14:37:21.60458,NA,yellow,30,NA,GX081872-00.05.12.621
1745588244.85692,2025-04-25 14:37:24.856915,lilac,lime,22,NA,GX081872-00.05.16.433
1745588350.08628,2025-04-25 14:39:10.086285,NA,blue,8,NA,GX081872-00.06.52.796
1745588489.52791,2025-04-25 14:41:29.52791,purple,navy,46,worked out by a process of elimination – can’t see right leg but left is purple and bird is a female fawn,GX091872-00.00.45.187
1745588805.86092,2025-04-25 14:46:45.860922,empty,empty,3,NA,GX091872-00.06.11.021
1745588830.8041,2025-04-25 14:47:10.804103,empty,empty,20,NA,GX091872-00.06.30.840
1745589447.24987,2025-04-25 14:57:27.249869,purple,lime,41,NA,GX101872-00.08.14.761 
1745590414.53182,2025-04-25 15:13:34.531816,turquoise,lime,40,NA,GX121872-00.07.09.679
1745590429.36132,2025-04-25 15:13:49.361321,turquoise,black,51,? tags look turquoise grey but no match in ID – wt male,GX121872-00.07.24.386
1745590734.42664,2025-04-25 15:18:54.426644,NA,blue,2,NA,GX131872-00.05.07.182
1745590800.65568,2025-04-25 15:20:00.655678,light pink,orange,54,photo is taken before last bird but I think it comes out after it!,GX131872-00.04.54.161
1745591287.55892,2025-04-25 15:28:07.55892,NA,NA,NA,Can’t see left right lilac - there are a lot of birds between 4.31 and 4.57 so difficult to tell which is the correct one,GX141872-00.04.57.998
1745591479.71557,2025-04-25 15:31:19.715572,olive,NA,4,there were a lot of birds going through after this one,GX141872-00.08.25.547 and GX141872-00.08.25.705 
1745591517.55895,2025-04-25 15:31:57.558947,NA,purple,31,,GX151872-00.00.00.742
1745591891.7069,2025-04-25 15:38:11.706896,purple,orange,53,only bird that went through remotely around this time,GX151872-00.06.27.888
1745591900.7468,2025-04-25 15:38:20.746799,NA,NA,NA,ditto above,NA
1745591910.30148,2025-04-25 15:38:30.301475,NA,NA,NA,ditto above,NA
1745592228.33281,2025-04-25 15:43:48.33281,NA,NA,NA,"Can’t see legs – bird is top right in 1st photo, top left in 2nd – eventually goes through at 3.17",GX161872-00.02.55.959 and GX161872-00.02.57.632
1745592274.54064,2025-04-25 15:44:34.540637,empty,empty,20,this was the next bird through after the above one,GX161872-00.04.06.146
