entrance_epoch_time,exit_epoch_time,trial_id,exit_gate_id,datetime,bird_id,bg1,bg2,fg1,fg2,bird_name,phenotype,sex,mass_g,age_days
1743499287.6619902,1743499288.0427845,3,left,2025-04-01T09:21:27Z,8,light,dark,black,black,Right,cfw,female,16.7,1390
1743499552.1203794,1743499552.2706213,3,left,2025-04-01T09:25:52Z,22,light,dark,black,black,Zebra,wt,male,19.1,1023
1743499847.4659538,1743499847.6831293,4,left,2025-04-01T09:30:47Z,50,dark,light,black,black,Skunk,wt,male,24.7,649
1743517266.2556648,1743517266.4195256,7,left,2025-04-01T14:21:06Z,35,light,light,black,white,NA,cfw,female,16.7,684
1743517269.9855952,1743517270.1844926,7,left,2025-04-01T14:21:09Z,14,light,light,black,white,Badger,bc,male,20.3,1081
1743519754.3861687,1743519754.531387,8,left,2025-04-01T15:02:34Z,33,dark,dark,black,white,Moth-Man II,pied,male,19.3,685
1743519873.4049237,1743519873.9305556,8,right,2025-04-01T15:04:33Z,28,dark,dark,black,white,Colobus,wt,male,17,988
1743519886.6108809,1743519887.4315033,8,left,2025-04-01T15:04:46Z,17,dark,dark,black,white,Dalmatian,fawn,female,18.4,1033
1743586808.6402996,1743586808.7864518,3,left,2025-04-02T09:40:08Z,28,light,dark,black,black,Colobus,wt,male,17,988
1743586991.7932632,1743586991.9431455,4,left,2025-04-02T09:43:11Z,28,dark,light,black,black,Colobus,wt,male,17,988
1743588202.266814,1743588202.8682358,3,left,2025-04-02T10:03:22Z,NA,light,dark,black,black,NA,NA,NA,NA,NA
1743588206.593859,1743588207.125765,3,left,2025-04-02T10:03:26Z,NA,light,dark,black,black,NA,NA,NA,NA,NA
1743589573.1913283,1743589573.3296974,8,left,2025-04-02T10:26:13Z,28,dark,dark,black,white,Colobus,wt,male,17,988
1743589676.1979294,1743589676.4455392,7,left,2025-04-02T10:27:56Z,24,light,light,black,white,Kingsnakes,wt,male,20.7,1003
1743589691.7106638,1743589692.0982175,8,left,2025-04-02T10:28:11Z,53,dark,dark,black,white,Porpose,wt,female,NA,639
1743590134.560346,1743590134.6888125,7,left,2025-04-02T10:35:34Z,28,light,light,black,white,Colobus,wt,male,17,988
1743590349.1281872,1743590349.801618,8,left,2025-04-02T10:39:09Z,40,dark,dark,black,white,Cottonmouth,wt,male,18.3,664
1743591492.6219106,1743591492.8687143,1,left,2025-04-02T10:58:12Z,2,light,dark,white,white,Sheep,bc,male,20.8,2496
1743591614.7165155,1743591615.732623,1,right,2025-04-02T11:00:14Z,52,light,dark,white,white,Trumpet,cfw,male,20.9,645
1743591747.329422,1743591747.6992536,2,left,2025-04-02T11:02:27Z,NA,dark,light,white,white,NA,NA,NA,NA,NA
1743591840.8109026,1743591840.9914217,2,left,2025-04-02T11:04:00Z,2,dark,light,white,white,Sheep,bc,male,20.8,2496
1743591845.120005,1743591845.2480774,1,left,2025-04-02T11:04:05Z,NA,light,dark,white,white,NA,NA,NA,NA,NA
1743592004.1403828,1743592004.2932673,2,left,2025-04-02T11:06:44Z,14,dark,light,white,white,Badger,bc,male,20.3,1081
1743592935.669078,1743592935.880367,1,left,2025-04-02T11:22:15Z,41,light,dark,white,white,Koala,wt,female,15.8,664
1743593048.679023,1743593049.9261365,1,left,2025-04-02T11:24:08Z,40,light,dark,white,white,Cottonmouth,wt,male,18.3,664
1743593156.018567,1743593156.1420467,2,left,2025-04-02T11:25:56Z,28,dark,light,white,white,Colobus,wt,male,17,988
1743593696.5802608,1743593697.130323,1,left,2025-04-02T11:34:56Z,25,light,dark,white,white,PiedBat,wt,male,18.1,996
1743593701.1697135,1743593702.2497373,2,left,2025-04-02T11:35:01Z,40,dark,light,white,white,Cottonmouth,wt,male,18.3,664
1743594196.3349233,1743594196.5042138,1,left,2025-04-02T11:43:16Z,1,light,dark,white,white,Cow,wt,male,18.4,2506
1743594199.411917,1743594199.565328,2,left,2025-04-02T11:43:19Z,NA,dark,light,white,white,NA,cfw,female,NA,NA
1743594230.3001013,1743594231.136041,1,right,2025-04-02T11:43:50Z,10,light,dark,white,white,Penguin,NA,male,19.8,1296
1743594430.460831,1743594430.6579983,1,left,2025-04-02T11:47:10Z,49,light,dark,white,white,Huskey,fawn,female,17.3,655
1743594809.5940173,1743594809.810884,2,left,2025-04-02T11:53:29Z,33,dark,light,white,white,Moth-Man II,pied,male,19.3,685
1743594810.1766386,1743594810.3314393,1,left,2025-04-02T11:53:30Z,4,light,dark,white,white,Ptarmigan,cfw,female,18.1,1879
1743595706.6257608,1743595706.8206422,7,left,2025-04-02T12:08:26Z,2,light,light,black,white,Sheep,bc,male,20.8,2496
1743595818.1813023,1743595818.6425066,7,left,2025-04-02T12:10:18Z,34,light,light,black,white,Orca,wt,female,17.8,684
1743595958.770008,1743595959.0083506,7,left,2025-04-02T12:12:38Z,22,light,light,black,white,Zebra,wt,male,19.1,1023
1743596269.194181,1743596269.4422586,8,left,2025-04-02T12:17:49Z,35,dark,dark,black,white,NA,cfw,female,16.7,684
1743596329.195641,1743596329.3267152,7,right,2025-04-02T12:18:49Z,NA,light,light,black,white,NA,NA,NA,NA,NA
1743596504.0382187,1743596504.3123734,7,left,2025-04-02T12:21:44Z,34,light,light,black,white,Orca,wt,female,17.8,684
1743596536.4616487,1743596536.6938572,8,left,2025-04-02T12:22:16Z,50,dark,dark,black,white,Skunk,wt,male,24.7,649
1743597011.221753,1743597012.1326425,7,left,2025-04-02T12:30:11Z,50,light,light,black,white,Skunk,wt,male,24.7,649
1743597332.9850194,1743597333.140699,4,left,2025-04-02T12:35:32Z,58,dark,light,black,black,NA,cfw,male,NA,623
1743597437.3635564,1743597437.570782,3,left,2025-04-02T12:37:17Z,40,light,dark,black,black,Cottonmouth,wt,male,18.3,664
1743598443.3177028,1743598443.4197457,4,left,2025-04-02T12:54:03Z,22,dark,light,black,black,Zebra,wt,male,19.1,1023
1743598708.1101773,1743598708.1231575,3,left,2025-04-02T12:58:28Z,NA,light,dark,black,black,NA,NA,NA,NA,NA
1743599039.2866316,1743599039.446514,4,left,2025-04-02T13:03:59Z,28,dark,light,black,black,Colobus,wt,male,17,988
1743599188.7536526,1743599189.2180953,3,right,2025-04-02T13:06:28Z,37,light,dark,black,black,Anthony Eden,cfw,female,16.4,676
1743599277.9580736,1743599278.1204283,1,left,2025-04-02T13:07:57Z,22,light,dark,white,white,Zebra,wt,male,19.1,1023
1743599372.4557204,1743599372.6801915,2,left,2025-04-02T13:09:32Z,NA,dark,light,white,white,NA,NA,NA,NA,NA
1743599547.7121434,1743599547.8829975,1,left,2025-04-02T13:12:27Z,18,light,dark,white,white,NA,cfw,female,20.6,1031
1743599616.0389376,1743599616.1946304,1,left,2025-04-02T13:13:36Z,32,light,dark,white,white,Moth-Man I,pied,male,18.8,686
1743600342.634957,1743600342.7941408,2,left,2025-04-02T13:25:42Z,1,dark,light,white,white,Cow,wt,male,18.4,2506
1743600667.292639,1743600667.5063355,2,left,2025-04-02T13:31:07Z,17,dark,light,white,white,Dalmatian,fawn,female,18.4,1033
1743601345.3935168,1743601345.571099,1,left,2025-04-02T13:42:25Z,59,light,dark,white,white,NA,pied,female,NA,617
1743601375.5378368,1743601376.226974,1,left,2025-04-02T13:42:55Z,49,light,dark,white,white,Huskey,fawn,female,17.3,655
1743601408.1766484,1743601408.3941483,2,left,2025-04-02T13:43:28Z,33,dark,light,white,white,Moth-Man II,pied,male,19.3,685
1743602158.9613235,1743602159.1660907,2,left,2025-04-02T13:55:58Z,56,dark,light,white,white,NA,wt,female,NA,638
1743602391.4507265,1743602391.597877,1,left,2025-04-02T13:59:51Z,24,light,dark,white,white,Kingsnakes,wt,male,20.7,1003
1743602613.4865997,1743602613.7385037,1,left,2025-04-02T14:03:33Z,16,light,dark,white,white,Lemur,lb,male,17.3,1052
1743602618.443058,1743602618.597479,1,left,2025-04-02T14:03:38Z,35,light,dark,white,white,NA,cfw,female,16.7,684
1743602677.926767,1743602678.2483854,1,right,2025-04-02T14:04:37Z,56,light,dark,white,white,NA,wt,female,NA,638
1743603267.557906,1743603267.7663896,7,left,2025-04-02T14:14:27Z,NA,light,light,black,white,NA,NA,NA,NA,NA
1743603519.0815668,1743603519.2086463,8,left,2025-04-02T14:18:39Z,2,dark,dark,black,white,Sheep,bc,male,20.8,2496
1743604569.8602512,1743604571.3324852,7,left,2025-04-02T14:36:09Z,40,light,light,black,white,Cottonmouth,wt,male,18.3,664
1743604589.9355211,1743604589.9378145,7,left,2025-04-02T14:36:29Z,NA,light,light,black,white,NA,wt,female,NA,NA
1743604609.915033,1743604610.1937516,8,left,2025-04-02T14:36:49Z,NA,dark,dark,black,white,NA,NA,NA,NA,NA
1743604637.1943052,1743604637.2330074,7,left,2025-04-02T14:37:17Z,15,light,light,black,white,Albatross,bc,male,21.3,1080
1743604650.5026605,1743604650.5214558,8,left,2025-04-02T14:37:30Z,9,dark,dark,black,white,Entrance,cfw,female,19.6,1353
1743604705.9873452,1743604706.027305,8,left,2025-04-02T14:38:25Z,2,dark,dark,black,white,Sheep,bc,male,20.8,2496
1743604706.062703,1743604706.0648766,7,left,2025-04-02T14:38:26Z,33,light,light,black,white,Moth-Man II,pied,male,19.3,685
1743604752.6604528,1743604752.6636777,8,left,2025-04-02T14:39:12Z,NA,dark,dark,black,white,NA,NA,NA,NA,NA
1743604752.704516,1743604752.7082317,7,left,2025-04-02T14:39:12Z,NA,light,light,black,white,NA,NA,NA,NA,NA
1743604755.8598826,1743604756.560077,8,left,2025-04-02T14:39:15Z,NA,dark,dark,black,white,NA,NA,NA,NA,NA
1743604919.7830596,1743604919.7868578,8,left,2025-04-02T14:41:59Z,NA,dark,dark,black,white,NA,NA,NA,NA,NA
1743608883.362816,1743608883.5039566,8,left,2025-04-02T15:48:03Z,45,dark,dark,black,white,Beluga,cfw,male,14.7,656
1743609549.4530523,1743609549.619886,8,left,2025-04-02T15:59:09Z,37,dark,dark,black,white,Anthony Eden,cfw,female,16.4,676
1743692940.4410098,1743692940.6109166,5,left,2025-04-03T15:09:00Z,NA,light,light,white,black,NA,NA,NA,NA,NA
1743693386.925644,1743693387.0579274,5,left,2025-04-03T15:16:26Z,NA,light,light,white,black,NA,NA,NA,NA,NA
1743693446.7705426,1743693446.9120607,6,left,2025-04-03T15:17:26Z,NA,dark,dark,white,black,NA,NA,NA,NA,NA
1743693657.133687,1743693657.2867897,5,left,2025-04-03T15:20:57Z,NA,light,light,white,black,NA,NA,NA,NA,NA
1743693699.980071,1743693700.12196,6,left,2025-04-03T15:21:39Z,NA,dark,dark,white,black,NA,NA,NA,NA,NA
1743693822.6646938,1743693822.7105002,5,left,2025-04-03T15:23:42Z,NA,light,light,white,black,NA,NA,NA,NA,NA
1743694087.0745242,1743694087.2775571,5,left,2025-04-03T15:28:07Z,NA,light,light,white,black,NA,NA,NA,NA,NA
1743694260.486581,1743694260.9467914,5,left,2025-04-03T15:31:00Z,NA,light,light,white,black,NA,NA,NA,NA,NA
1743694514.272978,1743694514.6368723,6,left,2025-04-03T15:35:14Z,NA,dark,dark,white,black,NA,NA,NA,NA,NA
1743694648.4081602,1743694649.5401778,6,left,2025-04-03T15:37:28Z,NA,dark,dark,white,black,NA,NA,NA,NA,NA
1743694833.699993,1743694834.5031316,6,left,2025-04-03T15:40:33Z,NA,dark,dark,white,black,NA,NA,NA,NA,NA
1743695584.2099514,1743695585.2765503,6,left,2025-04-03T15:53:04Z,NA,dark,dark,white,black,NA,NA,NA,NA,NA
1743757239.0023634,1743757239.1550014,3,left,2025-04-04T09:00:39Z,2,light,dark,black,black,Sheep,bc,male,20.8,2496
1743757459.5214863,1743757459.644352,3,left,2025-04-04T09:04:19Z,1,light,dark,black,black,Cow,wt,male,18.4,2506
1743758626.8378625,1743758627.1675282,2,left,2025-04-04T09:23:46Z,59,dark,light,white,white,NA,pied,female,NA,617
1743759372.5007522,1743759372.653197,1,left,2025-04-04T09:36:12Z,2,light,dark,white,white,Sheep,bc,male,20.8,2496
1743759373.2106962,1743759373.3448615,2,left,2025-04-04T09:36:13Z,22,dark,light,white,white,Zebra,wt,male,19.1,1023
1743759816.0166123,1743759816.2286134,2,left,2025-04-04T09:43:36Z,17,dark,light,white,white,Dalmatian,fawn,female,18.4,1033
1743759976.54338,1743759976.6949208,1,left,2025-04-04T09:46:16Z,28,light,dark,white,white,Colobus,wt,male,17,988
1743761030.3477094,1743761030.5768912,5,left,2025-04-04T10:03:50Z,33,light,light,white,black,Moth-Man II,pied,male,19.3,685
1743761033.1781538,1743761033.4586573,5,left,2025-04-04T10:03:53Z,59,light,light,white,black,NA,pied,female,NA,617
1743761638.109374,1743761638.5960608,6,left,2025-04-04T10:13:58Z,40,dark,dark,white,black,Cottonmouth,wt,male,18.3,664
1743761771.5605717,1743761771.6976037,6,left,2025-04-04T10:16:11Z,28,dark,dark,white,black,Colobus,wt,male,17,988
1743763375.3621953,1743763375.504289,6,left,2025-04-04T10:42:55Z,1,dark,dark,white,black,Cow,wt,male,18.4,2506
1743763581.3072228,1743763581.905017,5,left,2025-04-04T10:46:21Z,52,light,light,white,black,Trumpet,cfw,male,20.9,645
1743764068.967116,1743764069.138291,5,left,2025-04-04T10:54:28Z,35,light,light,white,black,NA,cfw,female,16.7,684
1743764891.6647928,1743764892.4546356,5,left,2025-04-04T11:08:11Z,39,light,light,white,black,Collie,wt,female,18.3,664
1743764893.0069473,1743764893.0407991,6,left,2025-04-04T11:08:13Z,NA,dark,dark,white,black,NA,NA,NA,NA,NA
1743765553.7900777,1743765554.5825024,5,left,2025-04-04T11:19:13Z,37,light,light,white,black,Anthony Eden,cfw,female,16.4,676
1744017217.988063,1744017218.20629,2,left,2025-04-07T09:13:37Z,2,dark,light,white,white,Sheep,bc,male,20.8,2496
1744017440.6445313,1744017440.7908373,1,left,2025-04-07T09:17:20Z,28,light,dark,white,white,Colobus,wt,male,17,988
1744017457.368829,1744017457.5783231,2,left,2025-04-07T09:17:37Z,2,dark,light,white,white,Sheep,bc,male,20.8,2496
1744017730.6627426,1744017731.4276376,1,left,2025-04-07T09:22:10Z,NA,light,dark,white,white,NA,NA,NA,NA,NA
1744017823.5654192,1744017823.6722546,1,left,2025-04-07T09:23:43Z,28,light,dark,white,white,Colobus,wt,male,17,988
1744017960.5291364,1744017960.699941,1,left,2025-04-07T09:26:00Z,NA,light,dark,white,white,NA,NA,NA,NA,NA
1744018023.9345849,1744018024.086183,1,left,2025-04-07T09:27:03Z,25,light,dark,white,white,PiedBat,wt,male,18.1,996
1744018043.1722317,1744018043.3821988,1,left,2025-04-07T09:27:23Z,NA,light,dark,white,white,NA,NA,NA,NA,NA
1744018143.6026149,1744018144.3270917,2,left,2025-04-07T09:29:03Z,NA,dark,light,white,white,NA,NA,NA,NA,NA
1744018181.4275668,1744018181.465412,2,left,2025-04-07T09:29:41Z,NA,dark,light,white,white,NA,NA,NA,NA,NA
1744018439.8170614,1744018440.0027735,2,left,2025-04-07T09:33:59Z,33,dark,light,white,white,Moth-Man II,pied,male,19.3,685
1744018812.5100114,1744018812.677309,1,left,2025-04-07T09:40:12Z,27,light,dark,white,white,Eider,brown cheeks,male,23.4,994
1744018813.8702717,1744018814.1675096,2,left,2025-04-07T09:40:13Z,42,dark,light,white,white,Tapir,wt,female,18.8,663
1744018898.8090246,1744018898.9614518,1,left,2025-04-07T09:41:38Z,37,light,dark,white,white,Anthony Eden,cfw,female,16.4,676
1744018918.7321131,1744018918.885934,1,left,2025-04-07T09:41:58Z,1,light,dark,white,white,Cow,wt,male,18.4,2506
1744019080.0842736,1744019080.2609332,1,left,2025-04-07T09:44:40Z,NA,light,dark,white,white,NA,NA,NA,NA,NA
1744021461.2821271,1744021461.417266,4,left,2025-04-07T10:24:21Z,31,dark,light,black,black,NA,cfw,male,16.8,686
1744021933.967779,1744021934.919106,3,right,2025-04-07T10:32:13Z,2,light,dark,black,black,Sheep,bc,male,20.8,2496
1744022106.626709,1744022107.2623663,3,right,2025-04-07T10:35:06Z,NA,light,dark,black,black,NA,NA,NA,NA,NA
1744022510.068224,1744022510.651363,4,right,2025-04-07T10:41:50Z,44,dark,light,black,black,Polar,cfw,female,17.4,657
1744022517.3970013,1744022517.597699,4,left,2025-04-07T10:41:57Z,9,dark,light,black,black,Entrance,cfw,female,19.6,1353
1744023911.5086577,1744023912.27224,7,left,2025-04-07T11:05:11Z,23,light,light,black,white,Tiramisu,fawn,female,19.6,1021
1744023938.1455483,1744023939.0740204,8,right,2025-04-07T11:05:38Z,31,dark,dark,black,white,NA,cfw,male,16.8,686
1744024354.1846695,1744024354.7285156,8,right,2025-04-07T11:12:34Z,22,dark,dark,black,white,Zebra,wt,male,19.1,1023
1744024547.151965,1744024547.4222076,7,right,2025-04-07T11:15:47Z,NA,light,light,black,white,NA,NA,NA,NA,NA
1744025145.5268052,1744025145.7530572,8,left,2025-04-07T11:25:45Z,22,dark,dark,black,white,Zebra,wt,male,19.1,1023
1744025184.381261,1744025184.483003,8,left,2025-04-07T11:26:24Z,31,dark,dark,black,white,NA,cfw,male,16.8,686
1744026251.9299953,1744026252.217498,8,left,2025-04-07T11:44:11Z,19,dark,dark,black,white,Osprey,wt,male,21.4,1030
1744027099.1898658,1744027099.4224174,6,left,2025-04-07T11:58:19Z,38,dark,dark,white,black,Mulan,wt,male,15.6,675
1744027533.1162608,1744027533.7789974,5,left,2025-04-07T12:05:33Z,40,light,light,white,black,Cottonmouth,wt,male,18.3,664
1744028081.9543445,1744028082.1924765,6,left,2025-04-07T12:14:41Z,59,dark,dark,white,black,NA,pied,female,NA,617
1744028111.6301875,1744028111.978011,5,left,2025-04-07T12:15:11Z,59,light,light,white,black,NA,pied,female,NA,617
1744028544.388796,1744028544.6107435,5,left,2025-04-07T12:22:24Z,17,light,light,white,black,Dalmatian,fawn,female,18.4,1033
1744032669.4794328,1744032669.6406262,2,left,2025-04-07T13:31:09Z,NA,dark,light,white,white,NA,NA,NA,NA,NA
1744032677.1553142,1744032677.291608,1,left,2025-04-07T13:31:17Z,NA,light,dark,white,white,NA,NA,NA,NA,NA
1744099812.49652,1744099812.6469176,6,left,2025-04-08T08:10:12Z,2,dark,dark,white,black,Sheep,bc,male,20.8,2496
1744100251.947644,1744100252.1103954,5,left,2025-04-08T08:17:31Z,NA,light,light,white,black,NA,NA,NA,NA,NA
1744100498.4173734,1744100498.8391037,6,left,2025-04-08T08:21:38Z,13,dark,dark,white,black,Oreo,bc,male,20.3,1082
1744101148.5603757,1744101148.694715,6,left,2025-04-08T08:32:28Z,36,dark,dark,white,black,Feathers McGraw,wt,male,17.6,676
1744101332.2271268,1744101332.3471472,6,left,2025-04-08T08:35:32Z,28,dark,dark,white,black,Colobus,wt,male,17,988
1744101478.7838092,1744101479.1937635,6,left,2025-04-08T08:37:58Z,59,dark,dark,white,black,NA,pied,female,NA,617
1744101633.7742517,1744101633.937579,6,left,2025-04-08T08:40:33Z,31,dark,dark,white,black,NA,cfw,male,16.8,686
1744101804.6129627,1744101804.740511,5,left,2025-04-08T08:43:24Z,59,light,light,white,black,NA,pied,female,NA,617
1744101846.8956368,1744101847.0932755,5,left,2025-04-08T08:44:06Z,NA,light,light,white,black,NA,NA,NA,NA,NA
1744101984.521326,1744101984.6427743,6,left,2025-04-08T08:46:24Z,22,dark,dark,white,black,Zebra,wt,male,19.1,1023
1744102187.065074,1744102187.0683324,6,left,2025-04-08T08:49:47Z,52,dark,dark,white,black,Trumpet,cfw,male,20.9,645
1744102292.0443745,1744102292.1525714,5,left,2025-04-08T08:51:32Z,NA,light,light,white,black,NA,NA,NA,NA,NA
1744102303.9388993,1744102304.1523929,6,left,2025-04-08T08:51:43Z,7,dark,dark,white,black,Left,wt,male,14.7,1633
1744102333.2346814,1744102333.3251054,5,left,2025-04-08T08:52:13Z,NA,light,light,white,black,NA,NA,NA,NA,NA
1744102572.1804338,1744102572.4806485,6,left,2025-04-08T08:56:12Z,22,dark,dark,white,black,Zebra,wt,male,19.1,1023
1744102937.9762754,1744102938.8949933,5,left,2025-04-08T09:02:17Z,35,light,light,white,black,NA,cfw,female,16.7,684
1744103002.7315052,1744103003.2840245,6,left,2025-04-08T09:03:22Z,NA,dark,dark,white,black,NA,NA,NA,NA,NA
1744103270.1009507,1744103270.392881,5,left,2025-04-08T09:07:50Z,56,light,light,white,black,NA,wt,female,NA,638
1744103404.0065897,1744103404.2937057,5,left,2025-04-08T09:10:04Z,7,light,light,white,black,Left,wt,male,14.7,1633
1744103412.7594657,1744103413.012507,5,right,2025-04-08T09:10:12Z,10,light,light,white,black,Penguin,NA,male,19.8,1296
1744103592.7952645,1744103593.0263925,5,left,2025-04-08T09:13:12Z,20,light,light,white,black,NA,cfw,male,21.4,1027
1744103603.7351384,1744103603.8956392,5,left,2025-04-08T09:13:23Z,NA,light,light,white,black,NA,NA,NA,NA,NA
1744103632.7077022,1744103632.860541,6,left,2025-04-08T09:13:52Z,29,dark,dark,white,black,Spadefish,wt,male,17.1,987
1744103741.4625688,1744103741.6409028,5,left,2025-04-08T09:15:41Z,29,light,light,white,black,Spadefish,wt,male,17.1,987
1744105178.960852,1744105179.1924822,2,left,2025-04-08T09:39:38Z,NA,dark,light,white,white,NA,NA,NA,NA,NA
1744105406.8745966,1744105407.0249133,2,left,2025-04-08T09:43:26Z,1,dark,light,white,white,Cow,wt,male,18.4,2506
1744105465.9795382,1744105466.2767951,1,left,2025-04-08T09:44:25Z,33,light,dark,white,white,Moth-Man II,pied,male,19.3,685
1744105466.4741511,1744105466.6004703,2,left,2025-04-08T09:44:26Z,52,dark,light,white,white,Trumpet,cfw,male,20.9,645
1744105512.711198,1744105512.856024,2,left,2025-04-08T09:45:12Z,NA,dark,light,white,white,NA,wt,male,NA,NA
1744105569.5480096,1744105569.5515976,2,left,2025-04-08T09:46:09Z,22,dark,light,white,white,Zebra,wt,male,19.1,1023
1744105605.6470416,1744105605.9185972,1,left,2025-04-08T09:46:45Z,1,light,dark,white,white,Cow,wt,male,18.4,2506
1744105607.6839578,1744105607.8752038,1,left,2025-04-08T09:46:47Z,NA,light,dark,white,white,NA,NA,NA,NA,NA
1744105659.4571066,1744105660.5181332,1,left,2025-04-08T09:47:39Z,2,light,dark,white,white,Sheep,bc,male,20.8,2496
1744105680.2128875,1744105680.4056728,2,left,2025-04-08T09:48:00Z,45,dark,light,white,white,Beluga,cfw,male,14.7,656
1744105683.158402,1744105683.498871,1,left,2025-04-08T09:48:03Z,22,light,dark,white,white,Zebra,wt,male,19.1,1023
1744105815.9878917,1744105817.4620109,2,right,2025-04-08T09:50:15Z,53,dark,light,white,white,Porpose,wt,female,NA,639
1744105882.3923705,1744105882.5645475,2,left,2025-04-08T09:51:22Z,22,dark,light,white,white,Zebra,wt,male,19.1,1023
1744106431.8996184,1744106432.3735025,4,right,2025-04-08T10:00:31Z,NA,dark,light,black,black,NA,NA,NA,NA,NA
1744106461.2184849,1744106461.4757853,3,left,2025-04-08T10:01:01Z,NA,light,dark,black,black,NA,NA,NA,NA,NA
1744106477.1063392,1744106477.3144865,3,left,2025-04-08T10:01:17Z,NA,light,dark,black,black,NA,NA,NA,NA,NA
1744106503.8154976,1744106504.508059,4,left,2025-04-08T10:01:43Z,NA,dark,light,black,black,NA,NA,NA,NA,NA
1744106511.9986758,1744106513.4516482,3,left,2025-04-08T10:01:51Z,NA,light,dark,black,black,NA,NA,NA,NA,NA
1744106531.6868465,1744106532.3251903,3,left,2025-04-08T10:02:11Z,NA,light,dark,black,black,NA,NA,NA,NA,NA
1744106546.783508,1744106546.991525,3,left,2025-04-08T10:02:26Z,NA,light,dark,black,black,NA,NA,NA,NA,NA
1744106719.2838843,1744106719.49997,4,left,2025-04-08T10:05:19Z,38,dark,light,black,black,Mulan,wt,male,15.6,675
1744106890.353572,1744106890.584966,3,left,2025-04-08T10:08:10Z,28,light,dark,black,black,Colobus,wt,male,17,988
1744106913.25305,1744106913.9663558,3,right,2025-04-08T10:08:33Z,20,light,dark,black,black,NA,cfw,male,21.4,1027
1744107064.706667,1744107065.1289303,3,left,2025-04-08T10:11:04Z,NA,light,dark,black,black,NA,NA,NA,NA,NA
1744107138.9329994,1744107139.2643485,3,left,2025-04-08T10:12:18Z,NA,light,dark,black,black,NA,NA,NA,NA,NA
1744107880.025242,1744107880.3090448,4,left,2025-04-08T10:24:40Z,4,dark,light,black,black,Ptarmigan,cfw,female,18.1,1879
1744109041.9936376,1744109042.7534566,5,left,2025-04-08T10:44:01Z,52,light,light,white,black,Trumpet,cfw,male,20.9,645
1744109419.402068,1744109419.6298094,5,left,2025-04-08T10:50:19Z,NA,light,light,white,black,NA,NA,NA,NA,NA
1744109466.2860107,1744109466.506883,6,left,2025-04-08T10:51:06Z,NA,dark,dark,white,black,NA,NA,NA,NA,NA
1744109794.711315,1744109794.8823009,6,left,2025-04-08T10:56:34Z,10,dark,dark,white,black,Penguin,NA,male,19.8,1296
1744109978.9921885,1744109979.1512089,6,left,2025-04-08T10:59:38Z,37,dark,dark,white,black,Anthony Eden,cfw,female,16.4,676
1744110183.3841734,1744110184.626469,8,right,2025-04-08T11:03:03Z,58,dark,dark,black,white,NA,cfw,male,NA,623
1744110595.041721,1744110595.1961863,7,left,2025-04-08T11:09:55Z,36,light,light,black,white,Feathers McGraw,wt,male,17.6,676
1744111453.927483,1744111454.1205602,7,left,2025-04-08T11:24:13Z,40,light,light,black,white,Cottonmouth,wt,male,18.3,664
1744111899.086514,1744111899.4320805,7,left,2025-04-08T11:31:39Z,52,light,light,black,white,Trumpet,cfw,male,20.9,645
1744112407.3643377,1744112407.5467706,7,left,2025-04-08T11:40:07Z,NA,light,light,black,white,NA,NA,NA,NA,NA
1744112465.9350655,1744112466.5790572,7,left,2025-04-08T11:41:05Z,56,light,light,black,white,NA,wt,female,NA,638
1744112573.2437549,1744112573.4643435,8,left,2025-04-08T11:42:53Z,38,dark,dark,black,white,Mulan,wt,male,15.6,675
1744113022.142455,1744113022.926607,7,left,2025-04-08T11:50:22Z,45,light,light,black,white,Beluga,cfw,male,14.7,656
1744113190.5149302,1744113190.7131536,7,left,2025-04-08T11:53:10Z,28,light,light,black,white,Colobus,wt,male,17,988
1744113433.3237553,1744113433.5424716,7,left,2025-04-08T11:57:13Z,NA,light,light,black,white,NA,NA,NA,NA,NA
1744115239.6116962,1744115239.9132042,4,left,2025-04-08T12:27:19Z,59,dark,light,black,black,NA,pied,female,NA,617
1744115249.8042629,1744115251.040048,3,right,2025-04-08T12:27:29Z,NA,light,dark,black,black,NA,NA,NA,NA,NA
1744115350.0891511,1744115350.4177003,4,left,2025-04-08T12:29:10Z,NA,dark,light,black,black,NA,NA,NA,NA,NA
1744116056.5577395,1744116056.562343,2,left,2025-04-08T12:40:56Z,NA,dark,light,white,white,NA,NA,NA,NA,NA
1744118813.6309376,1744118814.4006195,4,right,2025-04-08T13:26:53Z,NA,dark,light,black,black,NA,NA,NA,NA,NA
1744120565.9343362,1744120566.7767608,8,left,2025-04-08T13:56:05Z,33,dark,dark,black,white,Moth-Man II,pied,male,19.3,685
1744121323.0797691,1744121323.3495302,7,left,2025-04-08T14:08:43Z,59,light,light,black,white,NA,pied,female,NA,617
1744124534.2402332,1744124534.2534726,8,left,2025-04-08T15:02:14Z,52,dark,dark,black,white,Trumpet,cfw,male,20.9,645
1744619535.0527363,1744619536.3798668,8,left,2025-04-14T08:32:15Z,34,dark,dark,black,white,Orca,wt,female,17.8,684
1744620569.611028,1744620570.1482818,8,left,2025-04-14T08:49:29Z,NA,dark,dark,black,white,NA,NA,NA,NA,NA
1744620621.380186,1744620621.8808,7,left,2025-04-14T08:50:21Z,59,light,light,black,white,NA,pied,female,NA,617
1744620794.6121235,1744620794.9453232,7,left,2025-04-14T08:53:14Z,NA,light,light,black,white,NA,NA,NA,NA,NA
1744621139.7216527,1744621139.9621308,7,left,2025-04-14T08:58:59Z,24,light,light,black,white,Kingsnakes,wt,male,20.7,1003
1744621677.1573465,1744621677.6077704,3,left,2025-04-14T09:07:57Z,NA,light,dark,black,black,NA,NA,NA,NA,NA
1744621743.6648104,1744621744.528122,4,left,2025-04-14T09:09:03Z,3,dark,light,black,black,Magpie,wt,male,NA,1879
1744621751.2899714,1744621751.9361317,4,left,2025-04-14T09:09:11Z,NA,dark,light,black,black,NA,NA,NA,NA,NA
1744621757.3305168,1744621757.6976123,4,left,2025-04-14T09:09:17Z,53,dark,light,black,black,Porpose,wt,female,NA,639
1744621800.7551565,1744621801.079054,4,left,2025-04-14T09:10:00Z,NA,dark,light,black,black,NA,NA,NA,NA,NA
1744621828.3142877,1744621829.3453348,3,left,2025-04-14T09:10:28Z,46,light,dark,black,black,NA,fawn,female,17.7,656
1744621851.4056575,1744621851.6402953,3,left,2025-04-14T09:10:51Z,NA,light,dark,black,black,NA,NA,NA,NA,NA
1744622073.7758756,1744622075.0310984,4,left,2025-04-14T09:14:33Z,NA,dark,light,black,black,NA,NA,NA,NA,NA
1744622108.374925,1744622108.4559782,4,left,2025-04-14T09:15:08Z,NA,dark,light,black,black,NA,NA,NA,NA,NA
1744622127.4905076,1744622128.373438,3,left,2025-04-14T09:15:27Z,NA,light,dark,black,black,NA,NA,NA,NA,NA
1744622146.4755547,1744622146.838701,4,left,2025-04-14T09:15:46Z,NA,dark,light,black,black,NA,NA,NA,NA,NA
1744622253.4655488,1744622253.6466649,3,left,2025-04-14T09:17:33Z,NA,light,dark,black,black,NA,NA,NA,NA,NA
1744622308.997892,1744622309.3055534,3,left,2025-04-14T09:18:28Z,NA,light,dark,black,black,NA,NA,NA,NA,NA
1744622405.629969,1744622405.8035543,4,left,2025-04-14T09:20:05Z,NA,dark,light,black,black,NA,NA,NA,NA,NA
1744622678.642265,1744622678.7835937,4,left,2025-04-14T09:24:38Z,NA,dark,light,black,black,NA,NA,NA,NA,NA
1744623047.6091795,1744623047.7929084,3,left,2025-04-14T09:30:47Z,NA,light,dark,black,black,NA,NA,NA,NA,NA
1744625110.656723,1744625110.8575003,1,right,2025-04-14T10:05:10Z,NA,light,dark,white,white,NA,NA,NA,NA,NA
1744625897.4671323,1744625897.6735308,1,left,2025-04-14T10:18:17Z,NA,light,dark,white,white,NA,NA,NA,NA,NA
1744626121.7114694,1744626121.9207456,2,left,2025-04-14T10:22:01Z,NA,dark,light,white,white,NA,NA,NA,NA,NA
1744626136.564494,1744626136.6501503,2,left,2025-04-14T10:22:16Z,NA,dark,light,white,white,NA,NA,NA,NA,NA
1744626136.970162,1744626137.118189,1,left,2025-04-14T10:22:16Z,NA,light,dark,white,white,NA,NA,NA,NA,NA
1744626201.3503404,1744626201.5903103,2,left,2025-04-14T10:23:21Z,NA,dark,light,white,white,NA,NA,NA,NA,NA
1744626293.3651488,1744626293.918044,1,left,2025-04-14T10:24:53Z,NA,light,dark,white,white,NA,NA,NA,NA,NA
1744629419.321833,1744629419.8266113,1,left,2025-04-14T11:16:59Z,20,light,dark,white,white,NA,cfw,male,21.4,1027
1744630141.3578646,1744630141.439104,4,left,2025-04-14T11:29:01Z,NA,dark,light,black,black,NA,NA,NA,NA,NA
1744630248.3953574,1744630248.5425916,4,left,2025-04-14T11:30:48Z,NA,dark,light,black,black,NA,NA,NA,NA,NA
1744630277.240854,1744630277.4320176,3,left,2025-04-14T11:31:17Z,NA,light,dark,black,black,NA,NA,NA,NA,NA
1744791812.3462677,1744791812.5500972,8,left,2025-04-16T08:23:32Z,24,dark,dark,black,white,Kingsnakes,wt,male,20.7,1003
1744792418.7160077,1744792419.0873065,8,left,2025-04-16T08:33:38Z,NA,dark,dark,black,white,NA,NA,NA,NA,NA
1744792424.5432966,1744792425.2341936,8,left,2025-04-16T08:33:44Z,45,dark,dark,black,white,Beluga,cfw,male,14.7,656
1744792453.8181925,1744792454.035159,7,left,2025-04-16T08:34:13Z,NA,light,light,black,white,NA,NA,NA,NA,NA
1744792574.2723448,1744792574.394613,8,left,2025-04-16T08:36:14Z,29,dark,dark,black,white,Spadefish,wt,male,17.1,987
1744792838.151837,1744792838.337216,7,left,2025-04-16T08:40:38Z,34,light,light,black,white,Orca,wt,female,17.8,684
1744792841.3292966,1744792841.5337894,8,left,2025-04-16T08:40:41Z,52,dark,dark,black,white,Trumpet,cfw,male,20.9,645
1744794505.894547,1744794506.5164208,3,left,2025-04-16T09:08:25Z,NA,light,dark,black,black,NA,NA,NA,NA,NA
1744794608.040711,1744794608.5817463,4,left,2025-04-16T09:10:08Z,59,dark,light,black,black,NA,pied,female,NA,617
1744794608.7125378,1744794608.9990082,3,left,2025-04-16T09:10:08Z,NA,light,dark,black,black,NA,NA,NA,NA,NA
1744794866.845165,1744794866.9906046,3,left,2025-04-16T09:14:26Z,NA,light,dark,black,black,NA,NA,NA,NA,NA
1744794890.882435,1744794891.1354125,3,left,2025-04-16T09:14:50Z,NA,light,dark,black,black,NA,NA,NA,NA,NA
1744795131.550737,1744795131.8633928,3,left,2025-04-16T09:18:51Z,45,light,dark,black,black,Beluga,cfw,male,14.7,656
1744795357.2939365,1744795357.5534556,8,left,2025-04-16T09:22:37Z,NA,dark,dark,black,white,NA,NA,NA,NA,NA
1744795369.0048332,1744795370.2891312,7,left,2025-04-16T09:22:49Z,NA,light,light,black,white,NA,NA,NA,NA,NA
1744795391.2027376,1744795391.30362,8,left,2025-04-16T09:23:11Z,NA,dark,dark,black,white,NA,NA,NA,NA,NA
1744795473.3997436,1744795474.50906,7,left,2025-04-16T09:24:33Z,14,light,light,black,white,Badger,bc,male,20.3,1081
1744795557.4317894,1744795557.5515587,7,left,2025-04-16T09:25:57Z,NA,light,light,black,white,NA,NA,NA,NA,NA
1744795608.3614523,1744795608.3627052,7,left,2025-04-16T09:26:48Z,NA,light,light,black,white,NA,NA,NA,NA,NA
1744795718.2719495,1744795718.448469,8,left,2025-04-16T09:28:38Z,NA,dark,dark,black,white,NA,NA,NA,NA,NA
1744795730.0117502,1744795730.469895,8,left,2025-04-16T09:28:50Z,NA,dark,dark,black,white,NA,NA,NA,NA,NA
1744795790.741096,1744795791.0731936,7,left,2025-04-16T09:29:50Z,NA,light,light,black,white,NA,NA,NA,NA,NA
1744795801.022034,1744795801.2211623,7,left,2025-04-16T09:30:01Z,NA,light,light,black,white,NA,NA,NA,NA,NA
1744795851.4242454,1744795851.7478366,7,left,2025-04-16T09:30:51Z,NA,light,light,black,white,NA,NA,NA,NA,NA
1744795892.615394,1744795892.8964703,8,left,2025-04-16T09:31:32Z,NA,dark,dark,black,white,NA,NA,NA,NA,NA
1744796055.7386754,1744796055.864783,7,left,2025-04-16T09:34:15Z,NA,light,light,black,white,NA,NA,NA,NA,NA
1744796066.906568,1744796066.9376292,8,left,2025-04-16T09:34:26Z,NA,dark,dark,black,white,NA,NA,NA,NA,NA
1744796295.9949317,1744796296.186305,8,left,2025-04-16T09:38:15Z,35,dark,dark,black,white,NA,cfw,female,16.7,684
1744796317.1914966,1744796317.3502192,8,left,2025-04-16T09:38:37Z,NA,dark,dark,black,white,NA,NA,NA,NA,NA
1744796343.9231658,1744796344.3357987,8,right,2025-04-16T09:39:03Z,NA,dark,dark,black,white,NA,NA,NA,NA,NA
1744796368.0319636,1744796368.2423732,7,left,2025-04-16T09:39:28Z,45,light,light,black,white,Beluga,cfw,male,14.7,656
1744796745.659331,1744796746.3006942,8,left,2025-04-16T09:45:45Z,NA,dark,dark,black,white,NA,NA,NA,NA,NA
1744796817.9958878,1744796819.0154514,8,right,2025-04-16T09:46:57Z,NA,dark,dark,black,white,NA,NA,NA,NA,NA
1744796826.7246466,1744796827.2179875,7,left,2025-04-16T09:47:06Z,NA,light,light,black,white,NA,NA,NA,NA,NA
1744796907.008791,1744796907.183921,8,left,2025-04-16T09:48:27Z,NA,dark,dark,black,white,NA,NA,NA,NA,NA
1744796921.0162094,1744796921.1751387,8,left,2025-04-16T09:48:41Z,NA,dark,dark,black,white,NA,NA,NA,NA,NA
1744797403.469897,1744797403.6543927,7,left,2025-04-16T09:56:43Z,NA,light,light,black,white,NA,NA,NA,NA,NA
1744797406.089475,1744797406.181886,7,left,2025-04-16T09:56:46Z,NA,light,light,black,white,NA,NA,NA,NA,NA
1744797422.427206,1744797423.6250622,7,left,2025-04-16T09:57:02Z,NA,light,light,black,white,NA,NA,NA,NA,NA
1744800337.5993116,1744800337.6782105,6,left,2025-04-16T10:45:37Z,22,dark,dark,white,black,Zebra,wt,male,19.1,1023
1744800922.4911122,1744800923.0419977,6,left,2025-04-16T10:55:22Z,NA,dark,dark,white,black,NA,NA,NA,NA,NA
1744801003.6541104,1744801003.912115,5,left,2025-04-16T10:56:43Z,NA,light,light,white,black,NA,NA,NA,NA,NA
1744801148.0390203,1744801149.240299,6,left,2025-04-16T10:59:08Z,14,dark,dark,white,black,Badger,bc,male,20.3,1081
1744801207.2415304,1744801207.4441032,6,left,2025-04-16T11:00:07Z,NA,dark,dark,white,black,NA,NA,NA,NA,NA
1744801269.9691546,1744801270.1865275,6,left,2025-04-16T11:01:09Z,NA,dark,dark,white,black,NA,NA,NA,NA,NA
1744801276.8613174,1744801277.0203087,5,left,2025-04-16T11:01:16Z,NA,light,light,white,black,NA,NA,NA,NA,NA
1744802062.7726543,1744802062.9219978,7,left,2025-04-16T11:14:22Z,1,light,light,black,white,Cow,wt,male,18.4,2506
1744802129.484511,1744802129.7883358,8,right,2025-04-16T11:15:29Z,NA,dark,dark,black,white,NA,NA,NA,NA,NA
1744802277.2770357,1744802278.202123,8,left,2025-04-16T11:17:57Z,NA,dark,dark,black,white,NA,NA,NA,NA,NA
1744802301.515598,1744802301.8585682,8,left,2025-04-16T11:18:21Z,45,dark,dark,black,white,Beluga,cfw,male,14.7,656
1744803234.5270443,1744803234.7482958,7,left,2025-04-16T11:33:54Z,59,light,light,black,white,NA,pied,female,NA,617
1744803324.0553384,1744803324.19932,7,left,2025-04-16T11:35:24Z,24,light,light,black,white,Kingsnakes,wt,male,20.7,1003
1744803460.2739117,1744803460.8247204,8,left,2025-04-16T11:37:40Z,NA,dark,dark,black,white,NA,NA,NA,NA,NA
1744803514.2132015,1744803514.3680737,7,left,2025-04-16T11:38:34Z,NA,light,light,black,white,NA,NA,NA,NA,NA
1744803531.566332,1744803531.677076,8,left,2025-04-16T11:38:51Z,NA,dark,dark,black,white,NA,NA,NA,NA,NA
1744803712.1494472,1744803712.4040072,8,left,2025-04-16T11:41:52Z,5,dark,dark,black,white,Mango,bc,female,21.1,1796
1744804092.9424171,1744804093.0870714,8,left,2025-04-16T11:48:12Z,45,dark,dark,black,white,Beluga,cfw,male,14.7,656
1744804293.4811983,1744804293.7090385,7,left,2025-04-16T11:51:33Z,NA,light,light,black,white,NA,NA,NA,NA,NA
1744804293.9427593,1744804294.105688,8,left,2025-04-16T11:51:33Z,NA,dark,dark,black,white,NA,NA,NA,NA,NA
1744804358.202092,1744804359.3146057,8,left,2025-04-16T11:52:38Z,2,dark,dark,black,white,Sheep,bc,male,20.8,2496
1744804359.7785938,1744804359.937945,7,left,2025-04-16T11:52:39Z,NA,light,light,black,white,NA,NA,NA,NA,NA
1744804813.5353386,1744804814.300813,7,left,2025-04-16T12:00:13Z,NA,light,light,black,white,NA,NA,NA,NA,NA
1744804873.4874246,1744804873.9180725,7,left,2025-04-16T12:01:13Z,NA,light,light,black,white,NA,NA,NA,NA,NA
1744805051.3931794,1744805051.6628592,8,left,2025-04-16T12:04:11Z,NA,dark,dark,black,white,NA,NA,NA,NA,NA
1744805130.440396,1744805130.5324924,8,left,2025-04-16T12:05:30Z,NA,dark,dark,black,white,NA,NA,NA,NA,NA
1744806983.103225,1744806983.6912923,3,left,2025-04-16T12:36:23Z,NA,light,dark,black,black,NA,NA,NA,NA,NA
1744807000.4952693,1744807000.7351458,4,left,2025-04-16T12:36:40Z,NA,dark,light,black,black,NA,NA,NA,NA,NA
1744807008.4272718,1744807009.1657486,4,left,2025-04-16T12:36:48Z,NA,dark,light,black,black,NA,NA,NA,NA,NA
1744807103.0823224,1744807103.3913026,3,left,2025-04-16T12:38:23Z,NA,light,dark,black,black,NA,NA,NA,NA,NA
1744807154.748222,1744807154.789317,4,left,2025-04-16T12:39:14Z,NA,dark,light,black,black,NA,NA,NA,NA,NA
1744807271.6563797,1744807271.707746,3,left,2025-04-16T12:41:11Z,NA,light,dark,black,black,NA,NA,NA,NA,NA
1744807355.5538723,1744807355.702587,4,left,2025-04-16T12:42:35Z,NA,dark,light,black,black,NA,NA,NA,NA,NA
1744807361.6347823,1744807361.755517,3,left,2025-04-16T12:42:41Z,45,light,dark,black,black,Beluga,cfw,male,14.7,656
1744807363.8856618,1744807364.0547028,4,left,2025-04-16T12:42:43Z,4,dark,light,black,black,Ptarmigan,cfw,female,18.1,1879
1744807493.5517964,1744807493.5953083,4,left,2025-04-16T12:44:53Z,NA,dark,light,black,black,NA,NA,NA,NA,NA
1744807497.0667975,1744807497.1371686,3,left,2025-04-16T12:44:57Z,45,light,dark,black,black,Beluga,cfw,male,14.7,656
1744808943.757151,1744808944.4170296,4,left,2025-04-16T13:09:03Z,NA,dark,light,black,black,NA,NA,NA,NA,NA
1744809063.562336,1744809064.2319813,4,left,2025-04-16T13:11:03Z,NA,dark,light,black,black,NA,NA,NA,NA,NA
1744809229.1849265,1744809230.4537668,4,left,2025-04-16T13:13:49Z,NA,dark,light,black,black,NA,NA,NA,NA,NA
1744877221.7188215,1744877221.8937972,1,left,2025-04-17T08:07:01Z,45,light,dark,white,white,Beluga,cfw,male,14.7,656
1744877232.6300404,1744877232.8045423,2,left,2025-04-17T08:07:12Z,14,dark,light,white,white,Badger,bc,male,20.3,1081
1744877305.7066827,1744877306.0552003,1,right,2025-04-17T08:08:25Z,NA,light,dark,white,white,NA,NA,NA,NA,NA
1744878311.6378653,1744878311.8598106,2,left,2025-04-17T08:25:11Z,14,dark,light,white,white,Badger,bc,male,20.3,1081
1744878395.2663832,1744878395.6867588,1,right,2025-04-17T08:26:35Z,45,light,dark,white,white,Beluga,cfw,male,14.7,656
1744878416.359639,1744878416.5349076,1,left,2025-04-17T08:26:56Z,NA,light,dark,white,white,NA,NA,NA,NA,NA
1744878478.9167757,1744878479.3164268,1,left,2025-04-17T08:27:58Z,NA,light,dark,white,white,NA,NA,NA,NA,NA
1744878537.4973736,1744878537.699936,1,left,2025-04-17T08:28:57Z,50,light,dark,white,white,Skunk,wt,male,24.7,649
1744879368.7734902,1744879368.9416394,4,left,2025-04-17T08:42:48Z,14,dark,light,black,black,Badger,bc,male,20.3,1081
1744879414.6971328,1744879414.8512754,3,left,2025-04-17T08:43:34Z,45,light,dark,black,black,Beluga,cfw,male,14.7,656
1744879454.6723902,1744879454.977769,4,left,2025-04-17T08:44:14Z,55,dark,light,black,black,NA,cfw,female,NA,639
1744879531.8722217,1744879532.1171432,4,left,2025-04-17T08:45:31Z,14,dark,light,black,black,Badger,bc,male,20.3,1081
1744879532.5070443,1744879532.71545,3,left,2025-04-17T08:45:32Z,NA,light,dark,black,black,NA,NA,NA,NA,NA
1744879560.0463178,1744879560.4598217,3,left,2025-04-17T08:46:00Z,14,light,dark,black,black,Badger,bc,male,20.3,1081
1744879570.8672345,1744879571.0528011,3,left,2025-04-17T08:46:10Z,NA,light,dark,black,black,NA,NA,NA,NA,NA
1744879571.3921597,1744879571.5553515,4,left,2025-04-17T08:46:11Z,30,dark,light,black,black,Guinness,cfw,female,16.8,1185
1744879688.3492422,1744879688.5788734,3,left,2025-04-17T08:48:08Z,59,light,dark,black,black,NA,pied,female,NA,617
1744879688.809133,1744879688.9451735,4,left,2025-04-17T08:48:08Z,NA,dark,light,black,black,NA,NA,NA,NA,NA
1744879691.1283746,1744879691.3044164,4,left,2025-04-17T08:48:11Z,NA,dark,light,black,black,NA,NA,NA,NA,NA
1744879775.7633562,1744879775.960121,3,left,2025-04-17T08:49:35Z,11,light,dark,black,black,Dinner,pied,female,22.3,1296
1744879777.9644678,1744879778.1315334,3,left,2025-04-17T08:49:37Z,14,light,dark,black,black,Badger,bc,male,20.3,1081
1744879826.2513044,1744879826.5644894,3,left,2025-04-17T08:50:26Z,51,light,dark,black,black,Puffin,wt,male,NA,645
1744879835.5307665,1744879835.7132635,3,left,2025-04-17T08:50:35Z,45,light,dark,black,black,Beluga,cfw,male,14.7,656
1744879865.5454895,1744879866.5968878,4,left,2025-04-17T08:51:05Z,14,dark,light,black,black,Badger,bc,male,20.3,1081
1744879889.1840754,1744879890.3939674,3,left,2025-04-17T08:51:29Z,45,light,dark,black,black,Beluga,cfw,male,14.7,656
1744879958.0871136,1744879958.3351443,4,left,2025-04-17T08:52:38Z,4,dark,light,black,black,Ptarmigan,cfw,female,18.1,1879
1744880072.6182404,1744880072.8382518,3,left,2025-04-17T08:54:32Z,14,light,dark,black,black,Badger,bc,male,20.3,1081
1744880145.8017032,1744880146.7539098,4,left,2025-04-17T08:55:45Z,28,dark,light,black,black,Colobus,wt,male,17,988
1744880486.7437966,1744880486.8992794,4,left,2025-04-17T09:01:26Z,14,dark,light,black,black,Badger,bc,male,20.3,1081
1744880688.481284,1744880689.462549,3,left,2025-04-17T09:04:48Z,NA,light,dark,black,black,NA,NA,NA,NA,NA
1744881253.0444846,1744881253.5868764,1,left,2025-04-17T09:14:13Z,NA,light,dark,white,white,NA,NA,NA,NA,NA
1744881521.1534686,1744881522.0899053,1,right,2025-04-17T09:18:41Z,33,light,dark,white,white,Moth-Man II,pied,male,19.3,685
1744881682.4995143,1744881683.3859098,1,left,2025-04-17T09:21:22Z,NA,light,dark,white,white,NA,NA,NA,NA,NA
1744882114.8071432,1744882114.9489286,1,left,2025-04-17T09:28:34Z,28,light,dark,white,white,Colobus,wt,male,17,988
1744882259.6448553,1744882259.8229244,2,left,2025-04-17T09:30:59Z,NA,dark,light,white,white,NA,NA,NA,NA,NA
1744882602.3277376,1744882602.6304083,2,left,2025-04-17T09:36:42Z,14,dark,light,white,white,Badger,bc,male,20.3,1081
1744882732.1376936,1744882732.3273067,1,left,2025-04-17T09:38:52Z,2,light,dark,white,white,Sheep,bc,male,20.8,2496
1744882781.6580553,1744882782.6516242,2,left,2025-04-17T09:39:41Z,NA,dark,light,white,white,NA,NA,NA,NA,NA
1744882844.7570744,1744882845.4554548,2,left,2025-04-17T09:40:44Z,NA,dark,light,white,white,NA,NA,NA,NA,NA
1744882940.7707326,1744882941.117711,2,left,2025-04-17T09:42:20Z,22,dark,light,white,white,Zebra,wt,male,19.1,1023
1744883682.3535702,1744883682.8724873,7,left,2025-04-17T09:54:42Z,NA,light,light,black,white,NA,NA,NA,NA,NA
1744883830.7695203,1744883831.1176224,7,left,2025-04-17T09:57:10Z,NA,light,light,black,white,NA,NA,NA,NA,NA
1744883901.9046628,1744883902.0241215,8,left,2025-04-17T09:58:21Z,2,dark,dark,black,white,Sheep,bc,male,20.8,2496
1744883984.5646057,1744883984.6236053,8,right,2025-04-17T09:59:44Z,NA,dark,dark,black,white,NA,NA,NA,NA,NA
1744884063.131647,1744884064.37709,7,left,2025-04-17T10:01:03Z,NA,light,light,black,white,NA,NA,NA,NA,NA
1744884088.4821188,1744884088.8399882,7,left,2025-04-17T10:01:28Z,NA,light,light,black,white,NA,NA,NA,NA,NA
1744884403.029193,1744884404.31699,7,left,2025-04-17T10:06:43Z,NA,light,light,black,white,NA,NA,NA,NA,NA
1744884630.0112865,1744884630.1602206,8,left,2025-04-17T10:10:30Z,NA,dark,dark,black,white,NA,NA,NA,NA,NA
1744884655.2428715,1744884655.4047935,8,left,2025-04-17T10:10:55Z,NA,dark,dark,black,white,NA,NA,NA,NA,NA
1744884841.0131657,1744884841.2684898,7,left,2025-04-17T10:14:01Z,43,light,light,black,white,NA,wt,male,17.1,660
1744884847.927287,1744884849.26853,8,left,2025-04-17T10:14:07Z,58,dark,dark,black,white,NA,cfw,male,NA,623
1744884868.490361,1744884868.709133,7,left,2025-04-17T10:14:28Z,NA,light,light,black,white,NA,NA,NA,NA,NA
1744884887.971947,1744884888.1539056,7,left,2025-04-17T10:14:47Z,45,light,light,black,white,Beluga,cfw,male,14.7,656
1744885113.275312,1744885113.5497017,7,left,2025-04-17T10:18:33Z,NA,light,light,black,white,NA,NA,NA,NA,NA
1744885274.971977,1744885275.3846734,7,left,2025-04-17T10:21:14Z,NA,light,light,black,white,NA,NA,NA,NA,NA
1744885299.4646034,1744885299.7780082,8,left,2025-04-17T10:21:39Z,2,dark,dark,black,white,Sheep,bc,male,20.8,2496
1744885390.084979,1744885390.1523695,8,left,2025-04-17T10:23:10Z,NA,dark,dark,black,white,NA,NA,NA,NA,NA
1744885436.1049154,1744885436.5275886,7,left,2025-04-17T10:23:56Z,NA,light,light,black,white,NA,NA,NA,NA,NA
1744885543.397827,1744885543.7014885,7,left,2025-04-17T10:25:43Z,51,light,light,black,white,Puffin,wt,male,NA,645
1744885643.738099,1744885643.9002097,8,left,2025-04-17T10:27:23Z,NA,dark,dark,black,white,NA,NA,NA,NA,NA
1744885726.50444,1744885726.752821,7,left,2025-04-17T10:28:46Z,NA,light,light,black,white,NA,NA,NA,NA,NA
1744886061.1782012,1744886061.340377,8,left,2025-04-17T10:34:21Z,45,dark,dark,black,white,Beluga,cfw,male,14.7,656
1744886118.119797,1744886119.2911282,8,left,2025-04-17T10:35:18Z,35,dark,dark,black,white,NA,cfw,female,16.7,684
1744886819.1918144,1744886819.6324043,7,left,2025-04-17T10:46:59Z,22,light,light,black,white,Zebra,wt,male,19.1,1023
1744886888.1933432,1744886888.5964186,7,left,2025-04-17T10:48:08Z,22,light,light,black,white,Zebra,wt,male,19.1,1023
1744887031.7015104,1744887032.6648057,7,left,2025-04-17T10:50:31Z,NA,light,light,black,white,NA,NA,NA,NA,NA
1744887520.544212,1744887520.8921697,8,left,2025-04-17T10:58:40Z,50,dark,dark,black,white,Skunk,wt,male,24.7,649
1744887819.3380651,1744887819.5389824,7,left,2025-04-17T11:03:39Z,NA,light,light,black,white,NA,NA,NA,NA,NA
1744888441.328006,1744888441.6641624,2,left,2025-04-17T11:14:01Z,33,dark,light,white,white,Moth-Man II,pied,male,19.3,685
1744888613.8363006,1744888614.6717792,1,right,2025-04-17T11:16:53Z,NA,light,dark,white,white,NA,NA,NA,NA,NA
1744889402.6853611,1744889402.8977866,1,left,2025-04-17T11:30:02Z,46,light,dark,white,white,NA,fawn,female,17.7,656
1744889671.3131952,1744889671.5104082,2,left,2025-04-17T11:34:31Z,NA,dark,light,white,white,NA,NA,NA,NA,NA
1744889791.6851454,1744889793.1558034,2,left,2025-04-17T11:36:31Z,NA,dark,light,white,white,NA,NA,NA,NA,NA
1744890293.182009,1744890293.4344225,5,left,2025-04-17T11:44:53Z,51,light,light,white,black,Puffin,wt,male,NA,645
1744890937.1531415,1744890937.9593484,6,right,2025-04-17T11:55:37Z,NA,dark,dark,white,black,NA,NA,NA,NA,NA
1744891120.0723605,1744891120.9746752,5,right,2025-04-17T11:58:40Z,NA,light,light,white,black,NA,NA,NA,NA,NA
1745311229.994028,1745311230.4956455,1,left,2025-04-22T08:40:29Z,1,light,dark,white,white,Cow,wt,male,18.4,2506
1745311487.598454,1745311488.0992837,1,left,2025-04-22T08:44:47Z,NA,light,dark,white,white,NA,NA,NA,NA,NA
1745311488.9159634,1745311489.4162762,2,right,2025-04-22T08:44:48Z,NA,dark,light,white,white,NA,NA,NA,NA,NA
1745311939.624773,1745311940.1257384,2,left,2025-04-22T08:52:19Z,NA,dark,light,white,white,NA,NA,NA,NA,NA
1745312178.8531563,1745312179.3535967,1,left,2025-04-22T08:56:18Z,NA,light,dark,white,white,NA,NA,NA,NA,NA
1745313088.4751065,1745313088.9754305,1,left,2025-04-22T09:11:28Z,NA,light,dark,white,white,NA,NA,NA,NA,NA
1745313091.819558,1745313092.320036,1,right,2025-04-22T09:11:31Z,NA,light,dark,white,white,NA,NA,NA,NA,NA
1745313114.7645571,1745313115.265341,2,left,2025-04-22T09:11:54Z,4,dark,light,white,white,Ptarmigan,cfw,female,18.1,1879
1745313201.2880747,1745313201.788376,1,left,2025-04-22T09:13:21Z,NA,light,dark,white,white,NA,NA,NA,NA,NA
1745313421.4329464,1745313421.9339423,1,left,2025-04-22T09:17:01Z,NA,light,dark,white,white,NA,NA,NA,NA,NA
1745313499.2897892,1745313499.7906206,2,right,2025-04-22T09:18:19Z,NA,dark,light,white,white,NA,NA,NA,NA,NA
1745313502.3945577,1745313502.894844,1,right,2025-04-22T09:18:22Z,NA,light,dark,white,white,NA,NA,NA,NA,NA
1745313581.860206,1745313582.361159,1,left,2025-04-22T09:19:41Z,NA,light,dark,white,white,NA,NA,NA,NA,NA
1745313858.0018427,1745313858.502154,1,right,2025-04-22T09:24:18Z,NA,light,dark,white,white,NA,NA,NA,NA,NA
1745314720.640695,1745314721.1416223,8,left,2025-04-22T09:38:40Z,42,dark,dark,black,white,Tapir,wt,female,18.8,663
1745314725.0901566,1745314725.5904398,7,left,2025-04-22T09:38:45Z,10,light,light,black,white,Penguin,NA,male,19.8,1296
1745314733.6249592,1745314734.1262257,7,right,2025-04-22T09:38:53Z,NA,light,light,black,white,NA,NA,NA,NA,NA
1745314738.4473808,1745314738.9476736,7,right,2025-04-22T09:38:58Z,35,light,light,black,white,NA,cfw,female,16.7,684
1745314798.4164977,1745314798.917266,8,right,2025-04-22T09:39:58Z,28,dark,dark,black,white,Colobus,wt,male,17,988
1745314957.7958858,1745314958.2961907,8,left,2025-04-22T09:42:37Z,NA,dark,dark,black,white,NA,NA,NA,NA,NA
1745314971.4824407,1745314971.982742,7,left,2025-04-22T09:42:51Z,NA,light,light,black,white,NA,NA,NA,NA,NA
1745314996.9604142,1745314997.4611828,7,left,2025-04-22T09:43:16Z,NA,light,light,black,white,NA,NA,NA,NA,NA
1745315590.7315176,1745315591.2322905,8,left,2025-04-22T09:53:10Z,NA,dark,dark,black,white,NA,NA,NA,NA,NA
1745315671.9302735,1745315672.4314845,7,left,2025-04-22T09:54:31Z,NA,light,light,black,white,NA,NA,NA,NA,NA
1745316116.8299508,1745316117.330772,8,left,2025-04-22T10:01:56Z,NA,dark,dark,black,white,NA,NA,NA,NA,NA
1745316360.962462,1745316361.4627435,8,left,2025-04-22T10:06:00Z,48,dark,dark,black,white,Raccoon,wt,NA,19.6,656
1745316364.01794,1745316364.5182216,8,right,2025-04-22T10:06:04Z,NA,dark,dark,black,white,NA,NA,NA,NA,NA
1745317159.3438685,1745317159.844703,5,left,2025-04-22T10:19:19Z,NA,light,light,white,black,NA,NA,NA,NA,NA
1745317453.8102531,1745317454.310557,5,left,2025-04-22T10:24:13Z,NA,light,light,white,black,NA,NA,NA,NA,NA
1745317479.2405505,1745317479.740924,5,left,2025-04-22T10:24:39Z,22,light,light,white,black,Zebra,wt,male,19.1,1023
1745317487.0473075,1745317487.5480793,6,left,2025-04-22T10:24:47Z,51,dark,dark,white,black,Puffin,wt,male,NA,645
1745317492.5590973,1745317493.059874,6,right,2025-04-22T10:24:52Z,NA,dark,dark,white,black,NA,NA,NA,NA,NA
1745317826.1463137,1745317826.6466074,5,right,2025-04-22T10:30:26Z,NA,light,light,white,black,NA,NA,NA,NA,NA
1745317942.612049,1745317943.112348,5,right,2025-04-22T10:32:22Z,24,light,light,white,black,Kingsnakes,wt,male,20.7,1003
1745318217.167629,1745318217.668306,5,right,2025-04-22T10:36:57Z,36,light,light,white,black,Feathers McGraw,wt,male,17.6,676
1745318223.1735797,1745318223.6744962,6,left,2025-04-22T10:37:03Z,NA,dark,dark,white,black,NA,NA,NA,NA,NA
1745318225.626685,1745318226.126968,6,left,2025-04-22T10:37:05Z,NA,dark,dark,white,black,NA,NA,NA,NA,NA
1745321151.615642,1745321152.115946,8,right,2025-04-22T11:25:51Z,53,dark,dark,black,white,Porpose,wt,female,NA,639
1745321544.2405453,1745321544.7408369,7,left,2025-04-22T11:32:24Z,52,light,light,black,white,Trumpet,cfw,male,20.9,645
1745322209.7912116,1745322210.2915092,7,left,2025-04-22T11:43:29Z,2,light,light,black,white,Sheep,bc,male,20.8,2496
1745322358.1738293,1745322358.67482,7,right,2025-04-22T11:45:58Z,42,light,light,black,white,Tapir,wt,female,18.8,663
1745322362.0036335,1745322362.503926,8,left,2025-04-22T11:46:02Z,10,dark,dark,black,white,Penguin,NA,male,19.8,1296
1745324989.8252609,1745324990.3268282,2,left,2025-04-22T12:29:49Z,54,dark,light,white,white,NA,wt,male,NA,639
1745325027.35925,1745325027.8595707,1,left,2025-04-22T12:30:27Z,NA,light,dark,white,white,NA,NA,NA,NA,NA
1745325597.3305628,1745325597.8309388,2,right,2025-04-22T12:39:57Z,24,dark,light,white,white,Kingsnakes,wt,male,20.7,1003
1745325603.1735132,1745325603.6743217,2,left,2025-04-22T12:40:03Z,NA,dark,light,white,white,NA,NA,NA,NA,NA
1745326092.7122068,1745326093.2125022,1,left,2025-04-22T12:48:12Z,52,light,dark,white,white,Trumpet,cfw,male,20.9,645
1745326329.4010198,1745326329.9018247,2,left,2025-04-22T12:52:09Z,NA,dark,light,white,white,NA,NA,NA,NA,NA
1745326359.020481,1745326359.5212636,1,right,2025-04-22T12:52:39Z,48,light,dark,white,white,Raccoon,wt,NA,19.6,656
1745326365.4165182,1745326365.9171357,1,left,2025-04-22T12:52:45Z,45,light,dark,white,white,Beluga,cfw,male,14.7,656
1745326383.7430627,1745326384.244054,2,left,2025-04-22T12:53:03Z,NA,dark,light,white,white,NA,NA,NA,NA,NA
1745326815.5320935,1745326816.0330455,5,left,2025-04-22T13:00:15Z,2,light,light,white,black,Sheep,bc,male,20.8,2496
1745326885.3322978,1745326885.8326414,6,left,2025-04-22T13:01:25Z,45,dark,dark,white,black,Beluga,cfw,male,14.7,656
1745326951.235601,1745326951.7363758,6,left,2025-04-22T13:02:31Z,58,dark,dark,white,black,NA,cfw,male,NA,623
1745327029.2455952,1745327029.74637,5,left,2025-04-22T13:03:49Z,36,light,light,white,black,Feathers McGraw,wt,male,17.6,676
1745327039.4040835,1745327039.9052153,6,right,2025-04-22T13:03:59Z,52,dark,dark,white,black,Trumpet,cfw,male,20.9,645
1745327765.0123055,1745327765.513016,6,left,2025-04-22T13:16:05Z,3,dark,dark,white,black,Magpie,wt,male,NA,1879
1745327792.4260414,1745327792.9263377,6,left,2025-04-22T13:16:32Z,NA,dark,dark,white,black,NA,NA,NA,NA,NA
1745328521.1232398,1745328521.6235435,6,left,2025-04-22T13:28:41Z,NA,dark,dark,white,black,NA,NA,NA,NA,NA
1745328563.6182804,1745328564.118576,5,left,2025-04-22T13:29:23Z,NA,light,light,white,black,NA,NA,NA,NA,NA
1745328798.5529811,1745328799.0541036,6,left,2025-04-22T13:33:18Z,34,dark,dark,white,black,Orca,wt,female,17.8,684
1745329064.1465862,1745329064.647855,5,left,2025-04-22T13:37:44Z,NA,light,light,white,black,NA,NA,NA,NA,NA
1745329088.2604487,1745329088.7612972,5,right,2025-04-22T13:38:08Z,20,light,light,white,black,NA,cfw,male,21.4,1027
1745329373.9996104,1745329374.4999075,6,left,2025-04-22T13:42:53Z,16,dark,dark,white,black,Lemur,lb,male,17.3,1052
1745330995.1518188,1745330995.6521144,2,right,2025-04-22T14:09:55Z,NA,dark,light,white,white,NA,NA,NA,NA,NA
1745331001.479718,1745331001.9804935,1,left,2025-04-22T14:10:01Z,10,light,dark,white,white,Penguin,NA,male,19.8,1296
1745331006.4494946,1745331006.9497838,1,left,2025-04-22T14:10:06Z,NA,light,dark,white,white,NA,NA,NA,NA,NA
1745331081.3442097,1745331081.8444989,2,left,2025-04-22T14:11:21Z,53,dark,light,white,white,Porpose,wt,female,NA,639
1745331108.5459852,1745331109.0462852,1,right,2025-04-22T14:11:48Z,15,light,dark,white,white,Albatross,bc,male,21.3,1080
1745331110.9992857,1745331111.4995785,2,right,2025-04-22T14:11:50Z,1,dark,light,white,white,Cow,wt,male,18.4,2506
1745332632.46551,1745332632.96585,1,left,2025-04-22T14:37:12Z,NA,light,dark,white,white,NA,NA,NA,NA,NA
1745332639.890028,1745332640.3906977,2,left,2025-04-22T14:37:19Z,2,dark,light,white,white,Sheep,bc,male,20.8,2496
1745404462.8110209,1745404462.898744,2,left,2025-04-23T10:34:22Z,22,dark,light,white,white,Zebra,wt,male,19.1,1023
1745405683.4285614,1745405683.608904,2,left,2025-04-23T10:54:43Z,45,dark,light,white,white,Beluga,cfw,male,14.7,656
1745410262.124076,1745410262.627274,3,left,2025-04-23T12:11:02Z,50,light,dark,black,black,Skunk,wt,male,24.7,649
1745410497.9783988,1745410498.4789755,4,left,2025-04-23T12:14:57Z,46,dark,light,black,black,NA,fawn,female,17.7,656
1745410565.1208053,1745410565.6216433,3,left,2025-04-23T12:16:05Z,46,light,dark,black,black,NA,fawn,female,17.7,656
1745410696.548752,1745410697.049551,3,left,2025-04-23T12:18:16Z,3,light,dark,black,black,Magpie,wt,male,NA,1879
1745410867.2769752,1745410867.7777226,4,right,2025-04-23T12:21:07Z,NA,dark,light,black,black,NA,NA,NA,NA,NA
1745411059.1652594,1745411059.6655636,2,left,2025-04-23T12:24:19Z,1,dark,light,white,white,Cow,wt,male,18.4,2506
1745411126.9496975,1745411127.4504063,2,left,2025-04-23T12:25:26Z,NA,dark,light,white,white,NA,NA,NA,NA,NA
1745411167.499281,1745411167.9995787,2,left,2025-04-23T12:26:07Z,NA,dark,light,white,white,NA,NA,NA,NA,NA
1745411186.1106937,1745411186.6116211,1,left,2025-04-23T12:26:26Z,2,light,dark,white,white,Sheep,bc,male,20.8,2496
1745411259.2462263,1745411259.746976,2,right,2025-04-23T12:27:39Z,NA,dark,light,white,white,NA,NA,NA,NA,NA
1745411330.269566,1745411330.7703314,2,left,2025-04-23T12:28:50Z,29,dark,light,white,white,Spadefish,wt,male,17.1,987
1745411344.171486,1745411344.672581,2,left,2025-04-23T12:29:04Z,20,dark,light,white,white,NA,cfw,male,21.4,1027
1745411352.6910813,1745411353.192132,1,left,2025-04-23T12:29:12Z,25,light,dark,white,white,PiedBat,wt,male,18.1,996
1745411373.4585571,1745411373.9593475,1,left,2025-04-23T12:29:33Z,NA,light,dark,white,white,NA,NA,NA,NA,NA
1745411377.5633628,1745411378.0636604,2,right,2025-04-23T12:29:37Z,14,dark,light,white,white,Badger,bc,male,20.3,1081
1745411728.356507,1745411728.8567991,2,right,2025-04-23T12:35:28Z,NA,dark,light,white,white,NA,NA,NA,NA,NA
1745412186.4171104,1745412186.917879,2,left,2025-04-23T12:43:06Z,33,dark,light,white,white,Moth-Man II,pied,male,19.3,685
1745412458.6591742,1745412459.1601524,1,left,2025-04-23T12:47:38Z,42,light,dark,white,white,Tapir,wt,female,18.8,663
1745412462.226373,1745412462.726659,1,right,2025-04-23T12:47:42Z,4,light,dark,white,white,Ptarmigan,cfw,female,18.1,1879
1745412464.778988,1745412465.2798245,2,right,2025-04-23T12:47:44Z,12,dark,light,white,white,Panda,fawn,female,20,1104
1745413061.944114,1745413062.44503,8,left,2025-04-23T12:57:41Z,47,dark,dark,black,white,Swan,cfw,female,16.7,656
1745413063.5884564,1745413064.0887468,7,left,2025-04-23T12:57:43Z,NA,light,light,black,white,NA,NA,NA,NA,NA
1745413094.7527652,1745413095.2530594,7,left,2025-04-23T12:58:14Z,NA,light,light,black,white,NA,NA,NA,NA,NA
1745414004.041689,1745414004.541986,7,left,2025-04-23T13:13:24Z,24,light,light,black,white,Kingsnakes,wt,male,20.7,1003
1745414019.9929397,1745414020.4932373,7,left,2025-04-23T13:13:39Z,NA,light,light,black,white,NA,NA,NA,NA,NA
1745414025.165065,1745414025.6658218,8,left,2025-04-23T13:13:45Z,NA,dark,dark,black,white,NA,NA,NA,NA,NA
1745414142.9292483,1745414143.4295492,7,left,2025-04-23T13:15:42Z,NA,light,light,black,white,NA,NA,NA,NA,NA
1745414212.762498,1745414213.2632709,8,left,2025-04-23T13:16:52Z,NA,dark,dark,black,white,NA,NA,NA,NA,NA
1745414224.93848,1745414225.4392304,7,left,2025-04-23T13:17:04Z,22,light,light,black,white,Zebra,wt,male,19.1,1023
1745414369.084952,1745414369.5857246,3,left,2025-04-23T13:19:29Z,NA,light,dark,black,black,NA,NA,NA,NA,NA
1745414883.6165135,1745414884.1171248,4,left,2025-04-23T13:28:03Z,58,dark,light,black,black,NA,cfw,male,NA,623
1745414910.3713188,1745414910.8718238,4,left,2025-04-23T13:28:30Z,37,dark,light,black,black,Anthony Eden,cfw,female,16.4,676
1745414987.0414872,1745414987.5417871,4,left,2025-04-23T13:29:47Z,16,dark,light,black,black,Lemur,lb,male,17.3,1052
1745414989.4567304,1745414989.957023,3,left,2025-04-23T13:29:49Z,52,light,dark,black,black,Trumpet,cfw,male,20.9,645
1745414999.0804665,1745414999.5811443,4,left,2025-04-23T13:29:59Z,33,dark,light,black,black,Moth-Man II,pied,male,19.3,685
1745415015.4736176,1745415015.9743762,4,right,2025-04-23T13:30:15Z,2,dark,light,black,black,Sheep,bc,male,20.8,2496
1745415067.347221,1745415067.8475502,3,right,2025-04-23T13:31:07Z,33,light,dark,black,black,Moth-Man II,pied,male,19.3,685
1745415152.4708238,1745415152.9711275,4,right,2025-04-23T13:32:32Z,NA,dark,light,black,black,NA,NA,NA,NA,NA
1745415347.602283,1745415348.1030462,3,left,2025-04-23T13:35:47Z,NA,light,dark,black,black,NA,NA,NA,NA,NA
1745415448.6562412,1745415449.157134,4,right,2025-04-23T13:37:28Z,20,dark,light,black,black,NA,cfw,male,21.4,1027
1745415943.0268528,1745415943.527614,4,right,2025-04-23T13:45:43Z,16,dark,light,black,black,Lemur,lb,male,17.3,1052
1745415950.31406,1745415950.8150177,4,right,2025-04-23T13:45:50Z,NA,dark,light,black,black,NA,NA,NA,NA,NA
1745415957.392959,1745415957.8933833,3,left,2025-04-23T13:45:57Z,NA,light,dark,black,black,NA,NA,NA,NA,NA
1745416236.1910338,1745416236.6913702,1,left,2025-04-23T13:50:36Z,NA,light,dark,white,white,NA,NA,NA,NA,NA
1745416239.318723,1745416239.8190207,1,left,2025-04-23T13:50:39Z,45,light,dark,white,white,Beluga,cfw,male,14.7,656
1745416279.8763356,1745416280.3779569,2,left,2025-04-23T13:51:19Z,46,dark,light,white,white,NA,fawn,female,17.7,656
1745416915.3008182,1745416915.8022292,2,left,2025-04-23T14:01:55Z,22,dark,light,white,white,Zebra,wt,male,19.1,1023
1745416940.5792904,1745416941.0802789,2,right,2025-04-23T14:02:20Z,NA,dark,light,white,white,NA,NA,NA,NA,NA
1745417226.476591,1745417226.976891,1,left,2025-04-23T14:07:06Z,14,light,dark,white,white,Badger,bc,male,20.3,1081
1745417261.5240517,1745417262.026797,2,left,2025-04-23T14:07:41Z,NA,dark,light,white,white,NA,NA,NA,NA,NA
1745417328.9911366,1745417329.4914343,1,left,2025-04-23T14:08:48Z,25,light,dark,white,white,PiedBat,wt,male,18.1,996
1745418030.6946206,1745418031.1949167,1,left,2025-04-23T14:20:30Z,33,light,dark,white,white,Moth-Man II,pied,male,19.3,685
1745418413.8073308,1745418414.3083503,4,left,2025-04-23T14:26:53Z,10,dark,light,black,black,Penguin,NA,male,19.8,1296
1745418835.2025254,1745418835.7031229,4,right,2025-04-23T14:33:55Z,47,dark,light,black,black,Swan,cfw,female,16.7,656
1745418937.4727235,1745418937.9730194,4,right,2025-04-23T14:35:37Z,31,dark,light,black,black,NA,cfw,male,16.8,686
1745419232.7505405,1745419233.2513185,4,left,2025-04-23T14:40:32Z,40,dark,light,black,black,Cottonmouth,wt,male,18.3,664
1745419236.1127837,1745419236.6130714,3,left,2025-04-23T14:40:36Z,10,light,dark,black,black,Penguin,NA,male,19.8,1296
1745419299.8892517,1745419300.390035,4,right,2025-04-23T14:41:39Z,54,dark,light,black,black,NA,wt,male,NA,639
1745419445.3067818,1745419445.8073332,4,left,2025-04-23T14:44:05Z,NA,dark,light,black,black,NA,NA,NA,NA,NA
1745419471.3174756,1745419471.8182397,3,left,2025-04-23T14:44:31Z,33,light,dark,black,black,Moth-Man II,pied,male,19.3,685
1745419595.9675615,1745419596.4678564,4,left,2025-04-23T14:46:35Z,7,dark,light,black,black,Left,wt,male,14.7,1633
1745419597.9868977,1745419598.495251,4,right,2025-04-23T14:46:37Z,4,dark,light,black,black,Ptarmigan,cfw,female,18.1,1879
1745419622.357023,1745419622.8575635,3,left,2025-04-23T14:47:02Z,31,light,dark,black,black,NA,cfw,male,16.8,686
1745419637.5658178,1745419638.0666044,4,left,2025-04-23T14:47:17Z,45,dark,light,black,black,Beluga,cfw,male,14.7,656
1745419858.9424143,1745419859.4431837,8,left,2025-04-23T14:50:58Z,52,dark,dark,black,white,Trumpet,cfw,male,20.9,645
1745420806.0367837,1745420806.5375075,7,right,2025-04-23T15:06:46Z,NA,light,light,black,white,NA,NA,NA,NA,NA
1745421077.928149,1745421078.428459,8,left,2025-04-23T15:11:17Z,NA,dark,dark,black,white,NA,NA,NA,NA,NA
1745421396.9767587,1745421397.4777102,7,left,2025-04-23T15:16:36Z,34,light,light,black,white,Orca,wt,female,17.8,684
1745421731.1645243,1745421731.6648235,5,left,2025-04-23T15:22:11Z,49,light,light,white,black,Huskey,fawn,female,17.3,655
1745421828.25486,1745421828.755636,6,left,2025-04-23T15:23:48Z,NA,dark,dark,white,black,NA,NA,NA,NA,NA
1745421853.5028267,1745421854.003127,5,right,2025-04-23T15:24:13Z,31,light,light,white,black,NA,cfw,male,16.8,686
1745422857.776758,1745422858.277456,6,left,2025-04-23T15:40:57Z,52,dark,dark,white,black,Trumpet,cfw,male,20.9,645
1745423296.330106,1745423296.8308768,5,left,2025-04-23T15:48:16Z,35,light,light,white,black,NA,cfw,female,16.7,684
1745423380.77945,1745423381.2805555,6,left,2025-04-23T15:49:40Z,NA,dark,dark,white,black,NA,NA,NA,NA,NA
1745423383.321378,1745423383.8216653,5,left,2025-04-23T15:49:43Z,55,light,light,white,black,NA,cfw,female,NA,639
1745423789.7889662,1745423790.2898242,5,left,2025-04-23T15:56:29Z,9,light,light,white,black,Entrance,cfw,female,19.6,1353
1745424088.1750512,1745424088.675835,2,right,2025-04-23T16:01:28Z,20,dark,light,white,white,NA,cfw,male,21.4,1027
1745424099.545452,1745424100.0463648,2,left,2025-04-23T16:01:39Z,NA,dark,light,white,white,NA,NA,NA,NA,NA
1745424171.4242544,1745424171.925212,2,left,2025-04-23T16:02:51Z,52,dark,light,white,white,Trumpet,cfw,male,20.9,645
1745424355.6594625,1745424356.1604128,2,left,2025-04-23T16:05:55Z,54,dark,light,white,white,NA,wt,male,NA,639
1745424369.006561,1745424369.5068822,1,left,2025-04-23T16:06:09Z,31,light,dark,white,white,NA,cfw,male,16.8,686
1745424617.8675032,1745424618.3677988,2,left,2025-04-23T16:10:17Z,1,dark,light,white,white,Cow,wt,male,18.4,2506
1745424762.0351405,1745424762.5354412,2,right,2025-04-23T16:12:42Z,20,dark,light,white,white,NA,cfw,male,21.4,1027
1745424771.955785,1745424772.456844,2,left,2025-04-23T16:12:51Z,NA,dark,light,white,white,NA,NA,NA,NA,NA
1745424776.561797,1745424777.0620914,2,left,2025-04-23T16:12:56Z,50,dark,light,white,white,Skunk,wt,male,24.7,649
1745424810.1645763,1745424810.664864,1,left,2025-04-23T16:13:30Z,NA,light,dark,white,white,NA,NA,NA,NA,NA
1745424888.2970414,1745424888.7978122,2,left,2025-04-23T16:14:48Z,46,dark,light,white,white,NA,fawn,female,17.7,656
1745498271.3820362,1745498271.8828783,7,right,2025-04-24T12:37:51Z,4,light,light,black,white,Ptarmigan,cfw,female,18.1,1879
1745498273.8879733,1745498274.3882706,7,right,2025-04-24T12:37:53Z,31,light,light,black,white,NA,cfw,male,16.8,686
1745498668.4704292,1745498668.9712565,7,left,2025-04-24T12:44:28Z,20,light,light,black,white,NA,cfw,male,21.4,1027
1745498742.7008832,1745498743.201679,8,right,2025-04-24T12:45:42Z,44,dark,dark,black,white,Polar,cfw,female,17.4,657
1745498771.0774684,1745498771.5777626,7,left,2025-04-24T12:46:11Z,33,light,light,black,white,Moth-Man II,pied,male,19.3,685
1745498887.5388553,1745498888.0391936,8,right,2025-04-24T12:48:07Z,4,dark,dark,black,white,Ptarmigan,cfw,female,18.1,1879
1745498917.769786,1745498918.2700906,8,left,2025-04-24T12:48:37Z,20,dark,dark,black,white,NA,cfw,male,21.4,1027
1745499027.0783792,1745499027.5786798,8,left,2025-04-24T12:50:27Z,40,dark,dark,black,white,Cottonmouth,wt,male,18.3,664
1745499213.6801667,1745499214.180463,7,right,2025-04-24T12:53:33Z,20,light,light,black,white,NA,cfw,male,21.4,1027
1745499331.0477777,1745499331.5487883,8,right,2025-04-24T12:55:31Z,NA,dark,dark,black,white,NA,NA,NA,NA,NA
1745500243.890788,1745500244.3910818,4,right,2025-04-24T13:10:43Z,20,dark,light,black,black,NA,cfw,male,21.4,1027
1745500274.1177752,1745500274.618285,4,right,2025-04-24T13:11:14Z,20,dark,light,black,black,NA,cfw,male,21.4,1027
1745500392.214655,1745500392.7149498,3,right,2025-04-24T13:13:12Z,1,light,dark,black,black,Cow,wt,male,18.4,2506
1745500424.028997,1745500424.529291,3,left,2025-04-24T13:13:44Z,3,light,dark,black,black,Magpie,wt,male,NA,1879
1745500454.6890066,1745500455.1893008,3,left,2025-04-24T13:14:14Z,25,light,dark,black,black,PiedBat,wt,male,18.1,996
1745500698.360009,1745500698.8608088,3,left,2025-04-24T13:18:18Z,7,light,dark,black,black,Left,wt,male,14.7,1633
1745500836.9293563,1745500837.4296582,3,left,2025-04-24T13:20:36Z,NA,light,dark,black,black,NA,NA,NA,NA,NA
1745501060.2245977,1745501060.7253945,4,left,2025-04-24T13:24:20Z,NA,dark,light,black,black,NA,NA,NA,NA,NA
1745501363.6533186,1745501364.1540902,4,left,2025-04-24T13:29:23Z,1,dark,light,black,black,Cow,wt,male,18.4,2506
1745501376.147987,1745501376.6482828,4,left,2025-04-24T13:29:36Z,NA,dark,light,black,black,NA,NA,NA,NA,NA
1745501488.4365432,1745501488.9368412,3,left,2025-04-24T13:31:28Z,59,light,dark,black,black,NA,pied,female,NA,617
1745501517.6994567,1745501518.200503,4,right,2025-04-24T13:31:57Z,NA,dark,light,black,black,NA,NA,NA,NA,NA
1745501520.8104703,1745501521.3107495,4,left,2025-04-24T13:32:00Z,NA,dark,light,black,black,NA,NA,NA,NA,NA
1745502727.064867,1745502727.565317,1,left,2025-04-24T13:52:07Z,1,light,dark,white,white,Cow,wt,male,18.4,2506
1745502739.5508003,1745502740.0517037,1,right,2025-04-24T13:52:19Z,12,light,dark,white,white,Panda,fawn,female,20,1104
1745502786.6379466,1745502787.138276,1,left,2025-04-24T13:53:06Z,1,light,dark,white,white,Cow,wt,male,18.4,2506
1745502816.0434678,1745502816.5441575,2,left,2025-04-24T13:53:36Z,56,dark,light,white,white,NA,wt,female,NA,638
1745502834.2877188,1745502834.788129,1,left,2025-04-24T13:53:54Z,NA,light,dark,white,white,NA,NA,NA,NA,NA
1745503015.1535692,1745503015.653944,2,left,2025-04-24T13:56:55Z,33,dark,light,white,white,Moth-Man II,pied,male,19.3,685
1745503268.288125,1745503268.7886405,2,left,2025-04-24T14:01:08Z,NA,dark,light,white,white,NA,NA,NA,NA,NA
1745503637.0508392,1745503637.551212,2,right,2025-04-24T14:07:17Z,51,dark,light,white,white,Puffin,wt,male,NA,645
1745503997.273776,1745503997.774075,1,right,2025-04-24T14:13:17Z,NA,light,dark,white,white,NA,NA,NA,NA,NA
1745505197.4372544,1745505197.937549,5,left,2025-04-24T14:33:17Z,14,light,light,white,black,Badger,bc,male,20.3,1081
1745505381.0929415,1745505381.59324,6,left,2025-04-24T14:36:21Z,25,dark,dark,white,black,PiedBat,wt,male,18.1,996
1745505524.9545264,1745505525.4548523,6,left,2025-04-24T14:38:44Z,NA,dark,dark,white,black,NA,NA,NA,NA,NA
1745505908.1361687,1745505908.6365566,3,left,2025-04-24T14:45:08Z,40,light,dark,black,black,Cottonmouth,wt,male,18.3,664
1745505910.668324,1745505911.1686077,3,left,2025-04-24T14:45:10Z,9,light,dark,black,black,Entrance,cfw,female,19.6,1353
1745505990.6149912,1745505991.115286,4,left,2025-04-24T14:46:30Z,14,dark,light,black,black,Badger,bc,male,20.3,1081
1745506105.033849,1745506105.5346138,4,right,2025-04-24T14:48:25Z,NA,dark,light,black,black,NA,NA,NA,NA,NA
1745506348.4550245,1745506348.9553196,3,left,2025-04-24T14:52:28Z,20,light,dark,black,black,NA,cfw,male,21.4,1027
1745506398.2458403,1745506398.7461357,3,left,2025-04-24T14:53:18Z,14,light,dark,black,black,Badger,bc,male,20.3,1081
1745506587.222095,1745506587.722436,4,left,2025-04-24T14:56:27Z,NA,dark,light,black,black,NA,NA,NA,NA,NA
1745506870.9532354,1745506871.454008,4,left,2025-04-24T15:01:10Z,NA,dark,light,black,black,NA,NA,NA,NA,NA
1745507354.704239,1745507355.204536,3,right,2025-04-24T15:09:14Z,20,light,dark,black,black,NA,cfw,male,21.4,1027
1745508378.3827715,1745508378.88387,2,right,2025-04-24T15:26:18Z,31,dark,light,white,white,NA,cfw,male,16.8,686
1745508381.57165,1745508382.0720513,2,right,2025-04-24T15:26:21Z,51,dark,light,white,white,Puffin,wt,male,NA,645
1745508936.9797,1745508937.480074,2,right,2025-04-24T15:35:36Z,1,dark,light,white,white,Cow,wt,male,18.4,2506
1745508951.726573,1745508952.226866,1,left,2025-04-24T15:35:51Z,NA,light,dark,white,white,NA,NA,NA,NA,NA
1745509085.5185628,1745509086.0188596,1,left,2025-04-24T15:38:05Z,NA,light,dark,white,white,NA,NA,NA,NA,NA
1745509400.8985622,1745509401.3989322,1,left,2025-04-24T15:43:20Z,NA,light,dark,white,white,NA,NA,NA,NA,NA
1745511408.6375537,1745511409.1378531,2,left,2025-04-24T16:16:48Z,NA,dark,light,white,white,NA,NA,NA,NA,NA
1745511556.9899874,1745511557.4902852,1,left,2025-04-24T16:19:16Z,7,light,dark,white,white,Left,wt,male,14.7,1633
1745511585.3361611,1745511585.8364625,2,left,2025-04-24T16:19:45Z,42,dark,light,white,white,Tapir,wt,female,18.8,663
1745573477.7235923,1745573478.2244034,7,left,2025-04-25T09:31:17Z,NA,light,light,black,white,NA,NA,NA,NA,NA
1745574010.0141766,1745574010.5145454,8,left,2025-04-25T09:40:10Z,NA,dark,dark,black,white,NA,NA,NA,NA,NA
1745574125.5832183,1745574126.084042,8,left,2025-04-25T09:42:05Z,NA,dark,dark,black,white,NA,NA,NA,NA,NA
1745574182.219411,1745574182.720151,8,left,2025-04-25T09:43:02Z,NA,dark,dark,black,white,NA,NA,NA,NA,NA
1745574322.1448257,1745574322.6456003,8,left,2025-04-25T09:45:22Z,NA,dark,dark,black,white,NA,NA,NA,NA,NA
1745574325.570635,1745574326.0710108,7,left,2025-04-25T09:45:25Z,NA,light,light,black,white,NA,NA,NA,NA,NA
1745574775.6449,1745574776.1456594,8,right,2025-04-25T09:52:55Z,39,dark,dark,black,white,Collie,wt,female,18.3,664
1745574780.299441,1745574780.799734,7,right,2025-04-25T09:53:00Z,1,light,light,black,white,Cow,wt,male,18.4,2506
1745575008.895864,1745575009.396165,7,left,2025-04-25T09:56:48Z,14,light,light,black,white,Badger,bc,male,20.3,1081
1745575361.1703289,1745575361.6706214,1,left,2025-04-25T10:02:41Z,NA,light,dark,white,white,NA,NA,NA,NA,NA
1745575422.8295176,1745575423.329873,1,left,2025-04-25T10:03:42Z,NA,light,dark,white,white,NA,NA,NA,NA,NA
1745575436.716113,1745575437.216403,2,left,2025-04-25T10:03:56Z,NA,dark,light,white,white,NA,NA,NA,NA,NA
1745575444.4855597,1745575444.985901,2,left,2025-04-25T10:04:04Z,NA,dark,light,white,white,NA,NA,NA,NA,NA
1745575857.5033867,1745575858.003864,2,left,2025-04-25T10:10:57Z,NA,dark,light,white,white,NA,NA,NA,NA,NA
1745575875.7253442,1745575876.2257054,1,left,2025-04-25T10:11:15Z,NA,light,dark,white,white,NA,NA,NA,NA,NA
1745576231.386927,1745576231.887687,2,left,2025-04-25T10:17:11Z,NA,dark,light,white,white,NA,NA,NA,NA,NA
1745576385.8487773,1745576386.3492646,1,left,2025-04-25T10:19:45Z,NA,light,dark,white,white,NA,NA,NA,NA,NA
1745576585.150066,1745576585.6509397,1,left,2025-04-25T10:23:05Z,54,light,dark,white,white,NA,wt,male,NA,639
1745577177.5186374,1745577178.0189302,4,left,2025-04-25T10:32:57Z,1,dark,light,black,black,Cow,wt,male,18.4,2506
1745577207.8774598,1745577208.3777544,4,left,2025-04-25T10:33:27Z,25,dark,light,black,black,PiedBat,wt,male,18.1,996
1745577215.207256,1745577215.7080004,3,left,2025-04-25T10:33:35Z,NA,light,dark,black,black,NA,NA,NA,NA,NA
1745577242.204073,1745577242.7048926,4,left,2025-04-25T10:34:02Z,40,dark,light,black,black,Cottonmouth,wt,male,18.3,664
1745577304.5089426,1745577305.0092342,4,left,2025-04-25T10:35:04Z,40,dark,light,black,black,Cottonmouth,wt,male,18.3,664
1745577345.870587,1745577346.3711307,3,left,2025-04-25T10:35:45Z,40,light,dark,black,black,Cottonmouth,wt,male,18.3,664
1745577639.4838982,1745577639.98419,3,left,2025-04-25T10:40:39Z,NA,light,dark,black,black,NA,NA,NA,NA,NA
1745577734.000739,1745577734.50149,4,left,2025-04-25T10:42:14Z,3,dark,light,black,black,Magpie,wt,male,NA,1879
1745578033.2802825,1745578033.780578,3,left,2025-04-25T10:47:13Z,9,light,dark,black,black,Entrance,cfw,female,19.6,1353
1745578071.6324663,1745578072.1330178,3,left,2025-04-25T10:47:51Z,40,light,dark,black,black,Cottonmouth,wt,male,18.3,664
1745578231.5328894,1745578232.0355418,3,left,2025-04-25T10:50:31Z,3,light,dark,black,black,Magpie,wt,male,NA,1879
1745578255.2324028,1745578255.7331598,4,left,2025-04-25T10:50:55Z,1,dark,light,black,black,Cow,wt,male,18.4,2506
1745578308.929875,1745578309.4302409,4,right,2025-04-25T10:51:48Z,20,dark,light,black,black,NA,cfw,male,21.4,1027
1745578320.2506397,1745578320.7513938,4,left,2025-04-25T10:52:00Z,4,dark,light,black,black,Ptarmigan,cfw,female,18.1,1879
1745578328.376937,1745578328.877747,4,right,2025-04-25T10:52:08Z,31,dark,light,black,black,NA,cfw,male,16.8,686
1745579568.7464812,1745579569.246771,4,right,2025-04-25T11:12:48Z,31,dark,light,black,black,NA,cfw,male,16.8,686
1745579724.4852865,1745579724.9864714,3,left,2025-04-25T11:15:24Z,NA,light,dark,black,black,NA,NA,NA,NA,NA
1745579978.266109,1745579978.7669847,3,left,2025-04-25T11:19:38Z,NA,light,dark,black,black,NA,NA,NA,NA,NA
1745579989.4752643,1745579989.9760077,3,left,2025-04-25T11:19:49Z,2,light,dark,black,black,Sheep,bc,male,20.8,2496
1745580214.2124972,1745580214.7132523,4,left,2025-04-25T11:23:34Z,7,dark,light,black,black,Left,wt,male,14.7,1633
1745580406.3821878,1745580406.8824906,1,left,2025-04-25T11:26:46Z,NA,light,dark,white,white,NA,NA,NA,NA,NA
1745581004.535067,1745581005.0358272,2,right,2025-04-25T11:36:44Z,28,dark,light,white,white,Colobus,wt,male,17,988
1745581006.878343,1745581007.378609,2,left,2025-04-25T11:36:46Z,28,dark,light,white,white,Colobus,wt,male,17,988
1745581284.024551,1745581284.525046,2,left,2025-04-25T11:41:24Z,47,dark,light,white,white,Swan,cfw,female,16.7,656
1745581292.3130996,1745581292.8139913,1,left,2025-04-25T11:41:32Z,33,light,dark,white,white,Moth-Man II,pied,male,19.3,685
1745581295.5606377,1745581296.060922,2,right,2025-04-25T11:41:35Z,NA,dark,light,white,white,NA,NA,NA,NA,NA
1745581324.1239383,1745581324.6246996,2,left,2025-04-25T11:42:04Z,14,dark,light,white,white,Badger,bc,male,20.3,1081
1745581333.494347,1745581333.9952254,1,right,2025-04-25T11:42:13Z,NA,light,dark,white,white,NA,NA,NA,NA,NA
1745581431.603993,1745581432.1042848,2,right,2025-04-25T11:43:51Z,2,dark,light,white,white,Sheep,bc,male,20.8,2496
1745581440.965007,1745581441.4660325,1,right,2025-04-25T11:44:00Z,NA,light,dark,white,white,NA,NA,NA,NA,NA
1745581480.6731043,1745581481.1733944,1,left,2025-04-25T11:44:40Z,NA,light,dark,white,white,NA,NA,NA,NA,NA
1745581628.065959,1745581628.5672283,2,right,2025-04-25T11:47:08Z,NA,dark,light,white,white,NA,NA,NA,NA,NA
1745581676.698676,1745581677.1989634,2,left,2025-04-25T11:47:56Z,NA,dark,light,white,white,NA,NA,NA,NA,NA
1745581824.9994187,1745581825.500167,2,right,2025-04-25T11:50:24Z,20,dark,light,white,white,NA,cfw,male,21.4,1027
1745585377.7113,1745585378.2117565,3,left,2025-04-25T12:49:37Z,42,light,dark,black,black,Tapir,wt,female,18.8,663
1745585382.4262838,1745585382.9270415,3,right,2025-04-25T12:49:42Z,47,light,dark,black,black,Swan,cfw,female,16.7,656
1745585385.7269275,1745585386.2272072,3,left,2025-04-25T12:49:45Z,9,light,dark,black,black,Entrance,cfw,female,19.6,1353
1745585398.353665,1745585398.8546245,4,left,2025-04-25T12:49:58Z,NA,dark,light,black,black,NA,NA,NA,NA,NA
1745585413.4505863,1745585413.9564707,3,left,2025-04-25T12:50:13Z,1,light,dark,black,black,Cow,wt,male,18.4,2506
1745585789.763191,1745585790.263993,3,left,2025-04-25T12:56:29Z,NA,light,dark,black,black,NA,NA,NA,NA,NA
1745585875.6769657,1745585876.1778462,4,left,2025-04-25T12:57:55Z,45,dark,light,black,black,Beluga,cfw,male,14.7,656
1745585965.6487534,1745585966.149572,4,left,2025-04-25T12:59:25Z,NA,dark,light,black,black,NA,NA,NA,NA,NA
1745585968.416265,1745585968.9166024,4,left,2025-04-25T12:59:28Z,NA,dark,light,black,black,NA,NA,NA,NA,NA
1745586783.9394584,1745586784.4397497,7,left,2025-04-25T13:13:03Z,NA,light,light,black,white,NA,NA,NA,NA,NA
1745586905.241882,1745586905.7422824,8,left,2025-04-25T13:15:05Z,2,dark,dark,black,white,Sheep,bc,male,20.8,2496
1745587077.2415743,1745587077.7425458,8,right,2025-04-25T13:17:57Z,52,dark,dark,black,white,Trumpet,cfw,male,20.9,645
1745587284.015879,1745587284.5161607,7,left,2025-04-25T13:21:24Z,8,light,light,black,white,Right,cfw,female,16.7,1390
1745587286.2085378,1745587286.7088768,7,left,2025-04-25T13:21:26Z,25,light,light,black,white,PiedBat,wt,male,18.1,996
1745587417.4846551,1745587417.9849722,7,right,2025-04-25T13:23:37Z,34,light,light,black,white,Orca,wt,female,17.8,684
1745587471.6471174,1745587472.148875,8,left,2025-04-25T13:24:31Z,NA,dark,dark,black,white,NA,NA,NA,NA,NA
1745587482.4424863,1745587482.9427724,8,left,2025-04-25T13:24:42Z,29,dark,dark,black,white,Spadefish,wt,male,17.1,987
1745587681.7779083,1745587682.2787132,7,left,2025-04-25T13:28:01Z,49,light,light,black,white,Huskey,fawn,female,17.3,655
1745588126.5710616,1745588127.0713582,1,right,2025-04-25T13:35:26Z,20,light,dark,white,white,NA,cfw,male,21.4,1027
1745588175.3432944,1745588175.843963,1,right,2025-04-25T13:36:15Z,20,light,dark,white,white,NA,cfw,male,21.4,1027
1745588210.6531584,1745588211.1534436,2,right,2025-04-25T13:36:50Z,20,dark,light,white,white,NA,cfw,male,21.4,1027
1745588241.6045802,1745588242.1048586,1,left,2025-04-25T13:37:21Z,30,light,dark,white,white,Guinness,cfw,female,16.8,1185
1745588244.856915,1745588245.3572476,1,left,2025-04-25T13:37:24Z,22,light,dark,white,white,Zebra,wt,male,19.1,1023
1745588350.0862849,1745588350.5871952,2,left,2025-04-25T13:39:10Z,8,dark,light,white,white,Right,cfw,female,16.7,1390
1745588489.52791,1745588490.0282035,1,left,2025-04-25T13:41:29Z,46,light,dark,white,white,NA,fawn,female,17.7,656
1745588805.860922,1745588806.361218,2,right,2025-04-25T13:46:45Z,3,dark,light,white,white,Magpie,wt,male,NA,1879
1745588830.8041034,1745588831.3044217,1,right,2025-04-25T13:47:10Z,20,light,dark,white,white,NA,cfw,male,21.4,1027
1745589447.2498686,1745589447.7507722,2,right,2025-04-25T13:57:27Z,41,dark,light,white,white,Koala,wt,female,15.8,664
1745590414.5318165,1745590415.032112,4,left,2025-04-25T14:13:34Z,40,dark,light,black,black,Cottonmouth,wt,male,18.3,664
1745590429.3613212,1745590429.8616016,4,right,2025-04-25T14:13:49Z,51,dark,light,black,black,Puffin,wt,male,NA,645
1745590734.426644,1745590734.9269342,3,left,2025-04-25T14:18:54Z,2,light,dark,black,black,Sheep,bc,male,20.8,2496
1745590800.6556776,1745590801.1559696,4,right,2025-04-25T14:20:00Z,54,dark,light,black,black,NA,wt,male,NA,639
1745591287.5589204,1745591288.059249,3,left,2025-04-25T14:28:07Z,NA,light,dark,black,black,NA,NA,NA,NA,NA
1745591479.715572,1745591480.2158616,6,left,2025-04-25T14:31:19Z,4,dark,dark,white,black,Ptarmigan,cfw,female,18.1,1879
1745591517.5589468,1745591518.0592391,5,left,2025-04-25T14:31:57Z,31,light,light,white,black,NA,cfw,male,16.8,686
1745591891.7068963,1745591892.20719,6,left,2025-04-25T14:38:11Z,53,dark,dark,white,black,Porpose,wt,female,NA,639
1745591900.7467988,1745591901.2471416,6,left,2025-04-25T14:38:20Z,NA,dark,dark,white,black,NA,NA,NA,NA,NA
1745591910.3014753,1745591910.8019445,6,left,2025-04-25T14:38:30Z,NA,dark,dark,white,black,NA,NA,NA,NA,NA
1745592228.3328097,1745592228.8331895,6,left,2025-04-25T14:43:48Z,NA,dark,dark,white,black,NA,NA,NA,NA,NA
1745592274.5406373,1745592275.040977,6,left,2025-04-25T14:44:34Z,20,dark,dark,white,black,NA,cfw,male,21.4,1027
